pdb_id,file,chains,source
1a22,/home/op98/protein_design/dataset/PP/PP2/1a22.ent.pdb,2,compnd
1acb,/home/op98/protein_design/dataset/PP/PP2/1acb.ent.pdb,2,compnd
1an1,/home/op98/protein_design/dataset/PP/PP2/1an1.ent.pdb,2,compnd
1atn,/home/op98/protein_design/dataset/PP/PP2/1atn.ent.pdb,2,compnd
1avx,/home/op98/protein_design/dataset/PP/PP2/1avx.ent.pdb,2,compnd
1axi,/home/op98/protein_design/dataset/PP/PP2/1axi.ent.pdb,2,compnd
1ay7,/home/op98/protein_design/dataset/PP/PP2/1ay7.ent.pdb,2,compnd
1buh,/home/op98/protein_design/dataset/PP/PP2/1buh.ent.pdb,2,compnd
1bvn,/home/op98/protein_design/dataset/PP/PP2/1bvn.ent.pdb,2,compnd
1c9p,/home/op98/protein_design/dataset/PP/PP2/1c9p.ent.pdb,2,compnd
1clv,/home/op98/protein_design/dataset/PP/PP2/1clv.ent.pdb,2,compnd
1d6r,/home/op98/protein_design/dataset/PP/PP2/1d6r.ent.pdb,2,compnd
1dfj,/home/op98/protein_design/dataset/PP/PP2/1dfj.ent.pdb,2,compnd
1dhk,/home/op98/protein_design/dataset/PP/PP2/1dhk.ent.pdb,2,compnd
1djs,/home/op98/protein_design/dataset/PP/PP2/1djs.ent.pdb,2,compnd
1dp5,/home/op98/protein_design/dataset/PP/PP2/1dp5.ent.pdb,2,compnd
1dpj,/home/op98/protein_design/dataset/PP/PP2/1dpj.ent.pdb,2,compnd
1e96,/home/op98/protein_design/dataset/PP/PP2/1e96.ent.pdb,2,compnd
1ees,/home/op98/protein_design/dataset/PP/PP2/1ees.ent.pdb,2,compnd
1eja,/home/op98/protein_design/dataset/PP/PP2/1eja.ent.pdb,2,compnd
1emv,/home/op98/protein_design/dataset/PP/PP2/1emv.ent.pdb,2,compnd
1es0,/home/op98/protein_design/dataset/PP/PP2/1es0.ent.pdb,2,compnd
1f34,/home/op98/protein_design/dataset/PP/PP2/1f34.ent.pdb,2,compnd
1f3v,/home/op98/protein_design/dataset/PP/PP2/1f3v.ent.pdb,2,compnd
1f5r,/home/op98/protein_design/dataset/PP/PP2/1f5r.ent.pdb,2,compnd
1f7z,/home/op98/protein_design/dataset/PP/PP2/1f7z.ent.pdb,2,compnd
1fc2,/home/op98/protein_design/dataset/PP/PP2/1fc2.ent.pdb,2,compnd
1fle,/home/op98/protein_design/dataset/PP/PP2/1fle.ent.pdb,2,compnd
1fmo,/home/op98/protein_design/dataset/PP/PP2/1fmo.ent.pdb,2,compnd
1fy8,/home/op98/protein_design/dataset/PP/PP2/1fy8.ent.pdb,2,compnd
1g5j,/home/op98/protein_design/dataset/PP/PP2/1g5j.ent.pdb,2,compnd
1g6v,/home/op98/protein_design/dataset/PP/PP2/1g6v.ent.pdb,2,compnd
1g9i,/home/op98/protein_design/dataset/PP/PP2/1g9i.ent.pdb,2,compnd
1gl0,/home/op98/protein_design/dataset/PP/PP2/1gl0.ent.pdb,2,compnd
1gla,/home/op98/protein_design/dataset/PP/PP2/1gla.ent.pdb,2,compnd
1grn,/home/op98/protein_design/dataset/PP/PP2/1grn.ent.pdb,2,compnd
1gua,/home/op98/protein_design/dataset/PP/PP2/1gua.ent.pdb,2,compnd
1h0t,/home/op98/protein_design/dataset/PP/PP2/1h0t.ent.pdb,2,compnd
1h1v,/home/op98/protein_design/dataset/PP/PP2/1h1v.ent.pdb,2,compnd
1h59,/home/op98/protein_design/dataset/PP/PP2/1h59.ent.pdb,2,compnd
1he8,/home/op98/protein_design/dataset/PP/PP2/1he8.ent.pdb,2,compnd
1i4e,/home/op98/protein_design/dataset/PP/PP2/1i4e.ent.pdb,2,compnd
1j2j,/home/op98/protein_design/dataset/PP/PP2/1j2j.ent.pdb,2,compnd
1j7d,/home/op98/protein_design/dataset/PP/PP2/1j7d.ent.pdb,2,compnd
1j7v,/home/op98/protein_design/dataset/PP/PP2/1j7v.ent.pdb,2,compnd
1jgn,/home/op98/protein_design/dataset/PP/PP2/1jgn.ent.pdb,2,compnd
1jh4,/home/op98/protein_design/dataset/PP/PP2/1jh4.ent.pdb,2,compnd
1jiw,/home/op98/protein_design/dataset/PP/PP2/1jiw.ent.pdb,2,compnd
1jsp,/home/op98/protein_design/dataset/PP/PP2/1jsp.ent.pdb,2,compnd
1jtd,/home/op98/protein_design/dataset/PP/PP2/1jtd.ent.pdb,2,compnd
1kac,/home/op98/protein_design/dataset/PP/PP2/1kac.ent.pdb,2,compnd
1kbh,/home/op98/protein_design/dataset/PP/PP2/1kbh.ent.pdb,2,compnd
1ktz,/home/op98/protein_design/dataset/PP/PP2/1ktz.ent.pdb,2,compnd
1kxp,/home/op98/protein_design/dataset/PP/PP2/1kxp.ent.pdb,2,compnd
1l4d,/home/op98/protein_design/dataset/PP/PP2/1l4d.ent.pdb,2,compnd
1l4z,/home/op98/protein_design/dataset/PP/PP2/1l4z.ent.pdb,2,compnd
1l8c,/home/op98/protein_design/dataset/PP/PP2/1l8c.ent.pdb,2,compnd
1ldt,/home/op98/protein_design/dataset/PP/PP2/1ldt.ent.pdb,2,compnd
1lp1,/home/op98/protein_design/dataset/PP/PP2/1lp1.ent.pdb,2,compnd
1lw6,/home/op98/protein_design/dataset/PP/PP2/1lw6.ent.pdb,2,compnd
1lx5,/home/op98/protein_design/dataset/PP/PP2/1lx5.ent.pdb,2,compnd
1lzw,/home/op98/protein_design/dataset/PP/PP2/1lzw.ent.pdb,2,compnd
1m10,/home/op98/protein_design/dataset/PP/PP2/1m10.ent.pdb,2,compnd
1m1e,/home/op98/protein_design/dataset/PP/PP2/1m1e.ent.pdb,2,compnd
1m5n,/home/op98/protein_design/dataset/PP/PP2/1m5n.ent.pdb,2,compnd
1mah,/home/op98/protein_design/dataset/PP/PP2/1mah.ent.pdb,2,compnd
1mcv,/home/op98/protein_design/dataset/PP/PP2/1mcv.ent.pdb,2,compnd
1mzw,/home/op98/protein_design/dataset/PP/PP2/1mzw.ent.pdb,2,compnd
1nw9,/home/op98/protein_design/dataset/PP/PP2/1nw9.ent.pdb,2,compnd
1o9a,/home/op98/protein_design/dataset/PP/PP2/1o9a.ent.pdb,2,compnd
1oc0,/home/op98/protein_design/dataset/PP/PP2/1oc0.ent.pdb,2,compnd
1op9,/home/op98/protein_design/dataset/PP/PP2/1op9.ent.pdb,2,compnd
1oph,/home/op98/protein_design/dataset/PP/PP2/1oph.ent.pdb,2,compnd
1otr,/home/op98/protein_design/dataset/PP/PP2/1otr.ent.pdb,2,compnd
1oyh,/home/op98/protein_design/dataset/PP/PP2/1oyh.ent.pdb,2,compnd
1ozs,/home/op98/protein_design/dataset/PP/PP2/1ozs.ent.pdb,2,compnd
1p69,/home/op98/protein_design/dataset/PP/PP2/1p69.ent.pdb,2,compnd
1p6a,/home/op98/protein_design/dataset/PP/PP2/1p6a.ent.pdb,2,compnd
1p9d,/home/op98/protein_design/dataset/PP/PP2/1p9d.ent.pdb,2,compnd
1pd7,/home/op98/protein_design/dataset/PP/PP2/1pd7.ent.pdb,2,compnd
1pjm,/home/op98/protein_design/dataset/PP/PP2/1pjm.ent.pdb,2,compnd
1pjn,/home/op98/protein_design/dataset/PP/PP2/1pjn.ent.pdb,2,compnd
1ppe,/home/op98/protein_design/dataset/PP/PP2/1ppe.ent.pdb,2,compnd
1q0w,/home/op98/protein_design/dataset/PP/PP2/1q0w.ent.pdb,2,compnd
1q5w,/home/op98/protein_design/dataset/PP/PP2/1q5w.ent.pdb,2,compnd
1q68,/home/op98/protein_design/dataset/PP/PP2/1q68.ent.pdb,2,compnd
1q69,/home/op98/protein_design/dataset/PP/PP2/1q69.ent.pdb,2,compnd
1r0r,/home/op98/protein_design/dataset/PP/PP2/1r0r.ent.pdb,2,compnd
1r8u,/home/op98/protein_design/dataset/PP/PP2/1r8u.ent.pdb,2,compnd
1ri8,/home/op98/protein_design/dataset/PP/PP2/1ri8.ent.pdb,2,compnd
1rjc,/home/op98/protein_design/dataset/PP/PP2/1rjc.ent.pdb,2,compnd
1rkc,/home/op98/protein_design/dataset/PP/PP2/1rkc.ent.pdb,2,compnd
1rke,/home/op98/protein_design/dataset/PP/PP2/1rke.ent.pdb,2,compnd
1ry7,/home/op98/protein_design/dataset/PP/PP2/1ry7.ent.pdb,2,compnd
1sb0,/home/op98/protein_design/dataset/PP/PP2/1sb0.ent.pdb,2,compnd
1shy,/home/op98/protein_design/dataset/PP/PP2/1shy.ent.pdb,2,compnd
1smf,/home/op98/protein_design/dataset/PP/PP2/1smf.ent.pdb,2,compnd
1sq0,/home/op98/protein_design/dataset/PP/PP2/1sq0.ent.pdb,2,compnd
1syq,/home/op98/protein_design/dataset/PP/PP2/1syq.ent.pdb,2,compnd
1t01,/home/op98/protein_design/dataset/PP/PP2/1t01.ent.pdb,2,compnd
1t0p,/home/op98/protein_design/dataset/PP/PP2/1t0p.ent.pdb,2,compnd
1t44,/home/op98/protein_design/dataset/PP/PP2/1t44.ent.pdb,2,compnd
1t5z,/home/op98/protein_design/dataset/PP/PP2/1t5z.ent.pdb,2,compnd
1t63,/home/op98/protein_design/dataset/PP/PP2/1t63.ent.pdb,2,compnd
1t6b,/home/op98/protein_design/dataset/PP/PP2/1t6b.ent.pdb,2,compnd
1ta3,/home/op98/protein_design/dataset/PP/PP2/1ta3.ent.pdb,2,compnd
1tba,/home/op98/protein_design/dataset/PP/PP2/1tba.ent.pdb,2,compnd
1tdq,/home/op98/protein_design/dataset/PP/PP2/1tdq.ent.pdb,2,compnd
1te1,/home/op98/protein_design/dataset/PP/PP2/1te1.ent.pdb,2,compnd
1tlh,/home/op98/protein_design/dataset/PP/PP2/1tlh.ent.pdb,2,compnd
1tm1,/home/op98/protein_design/dataset/PP/PP2/1tm1.ent.pdb,2,compnd
1tm3,/home/op98/protein_design/dataset/PP/PP2/1tm3.ent.pdb,2,compnd
1tm4,/home/op98/protein_design/dataset/PP/PP2/1tm4.ent.pdb,2,compnd
1tm5,/home/op98/protein_design/dataset/PP/PP2/1tm5.ent.pdb,2,compnd
1tm7,/home/op98/protein_design/dataset/PP/PP2/1tm7.ent.pdb,2,compnd
1to1,/home/op98/protein_design/dataset/PP/PP2/1to1.ent.pdb,2,compnd
1u0i,/home/op98/protein_design/dataset/PP/PP2/1u0i.ent.pdb,2,compnd
1u0s,/home/op98/protein_design/dataset/PP/PP2/1u0s.ent.pdb,2,compnd
1u5s,/home/op98/protein_design/dataset/PP/PP2/1u5s.ent.pdb,2,compnd
1uel,/home/op98/protein_design/dataset/PP/PP2/1uel.ent.pdb,2,compnd
1ugh,/home/op98/protein_design/dataset/PP/PP2/1ugh.ent.pdb,2,compnd
1us7,/home/op98/protein_design/dataset/PP/PP2/1us7.ent.pdb,2,compnd
1usu,/home/op98/protein_design/dataset/PP/PP2/1usu.ent.pdb,2,compnd
1v18,/home/op98/protein_design/dataset/PP/PP2/1v18.ent.pdb,2,compnd
1vet,/home/op98/protein_design/dataset/PP/PP2/1vet.ent.pdb,2,compnd
1veu,/home/op98/protein_design/dataset/PP/PP2/1veu.ent.pdb,2,compnd
1vg0,/home/op98/protein_design/dataset/PP/PP2/1vg0.ent.pdb,2,compnd
1vrk,/home/op98/protein_design/dataset/PP/PP2/1vrk.ent.pdb,2,compnd
1wa7,/home/op98/protein_design/dataset/PP/PP2/1wa7.ent.pdb,2,compnd
1wa8,/home/op98/protein_design/dataset/PP/PP2/1wa8.ent.pdb,2,compnd
1wlp,/home/op98/protein_design/dataset/PP/PP2/1wlp.ent.pdb,2,compnd
1wpx,/home/op98/protein_design/dataset/PP/PP2/1wpx.ent.pdb,2,compnd
1wq1,/home/op98/protein_design/dataset/PP/PP2/1wq1.ent.pdb,2,compnd
1wqj,/home/op98/protein_design/dataset/PP/PP2/1wqj.ent.pdb,2,compnd
1wr1,/home/op98/protein_design/dataset/PP/PP2/1wr1.ent.pdb,2,compnd
1wrd,/home/op98/protein_design/dataset/PP/PP2/1wrd.ent.pdb,2,compnd
1xdt,/home/op98/protein_design/dataset/PP/PP2/1xdt.ent.pdb,2,compnd
1xg2,/home/op98/protein_design/dataset/PP/PP2/1xg2.ent.pdb,2,compnd
1xj7,/home/op98/protein_design/dataset/PP/PP2/1xj7.ent.pdb,2,compnd
1xr0,/home/op98/protein_design/dataset/PP/PP2/1xr0.ent.pdb,2,compnd
1xt9,/home/op98/protein_design/dataset/PP/PP2/1xt9.ent.pdb,2,compnd
1y1k,/home/op98/protein_design/dataset/PP/PP2/1y1k.ent.pdb,2,compnd
1y33,/home/op98/protein_design/dataset/PP/PP2/1y33.ent.pdb,2,compnd
1y34,/home/op98/protein_design/dataset/PP/PP2/1y34.ent.pdb,2,compnd
1y3b,/home/op98/protein_design/dataset/PP/PP2/1y3b.ent.pdb,2,compnd
1y3c,/home/op98/protein_design/dataset/PP/PP2/1y3c.ent.pdb,2,compnd
1y3d,/home/op98/protein_design/dataset/PP/PP2/1y3d.ent.pdb,2,compnd
1y48,/home/op98/protein_design/dataset/PP/PP2/1y48.ent.pdb,2,compnd
1y4a,/home/op98/protein_design/dataset/PP/PP2/1y4a.ent.pdb,2,compnd
1y4d,/home/op98/protein_design/dataset/PP/PP2/1y4d.ent.pdb,2,compnd
1y6k,/home/op98/protein_design/dataset/PP/PP2/1y6k.ent.pdb,2,compnd
1y6m,/home/op98/protein_design/dataset/PP/PP2/1y6m.ent.pdb,2,compnd
1y6n,/home/op98/protein_design/dataset/PP/PP2/1y6n.ent.pdb,2,compnd
1y8n,/home/op98/protein_design/dataset/PP/PP2/1y8n.ent.pdb,2,compnd
1yc0,/home/op98/protein_design/dataset/PP/PP2/1yc0.ent.pdb,2,compnd
1ycs,/home/op98/protein_design/dataset/PP/PP2/1ycs.ent.pdb,2,compnd
1ydi,/home/op98/protein_design/dataset/PP/PP2/1ydi.ent.pdb,2,compnd
1yrt,/home/op98/protein_design/dataset/PP/PP2/1yrt.ent.pdb,2,compnd
1yru,/home/op98/protein_design/dataset/PP/PP2/1yru.ent.pdb,2,compnd
1yvb,/home/op98/protein_design/dataset/PP/PP2/1yvb.ent.pdb,2,compnd
1yx5,/home/op98/protein_design/dataset/PP/PP2/1yx5.ent.pdb,2,compnd
1yx6,/home/op98/protein_design/dataset/PP/PP2/1yx6.ent.pdb,2,compnd
1z92,/home/op98/protein_design/dataset/PP/PP2/1z92.ent.pdb,2,compnd
1zgu,/home/op98/protein_design/dataset/PP/PP2/1zgu.ent.pdb,2,compnd
1zhi,/home/op98/protein_design/dataset/PP/PP2/1zhi.ent.pdb,2,compnd
1zjd,/home/op98/protein_design/dataset/PP/PP2/1zjd.ent.pdb,2,compnd
1zli,/home/op98/protein_design/dataset/PP/PP2/1zli.ent.pdb,2,compnd
1zsg,/home/op98/protein_design/dataset/PP/PP2/1zsg.ent.pdb,2,compnd
1zv5,/home/op98/protein_design/dataset/PP/PP2/1zv5.ent.pdb,2,compnd
1zvh,/home/op98/protein_design/dataset/PP/PP2/1zvh.ent.pdb,2,compnd
1zvy,/home/op98/protein_design/dataset/PP/PP2/1zvy.ent.pdb,2,compnd
2a24,/home/op98/protein_design/dataset/PP/PP2/2a24.ent.pdb,2,compnd
2a78,/home/op98/protein_design/dataset/PP/PP2/2a78.ent.pdb,2,compnd
2a7u,/home/op98/protein_design/dataset/PP/PP2/2a7u.ent.pdb,2,compnd
2a9k,/home/op98/protein_design/dataset/PP/PP2/2a9k.ent.pdb,2,compnd
2aq2,/home/op98/protein_design/dataset/PP/PP2/2aq2.ent.pdb,2,compnd
2arp,/home/op98/protein_design/dataset/PP/PP2/2arp.ent.pdb,2,compnd
2b0z,/home/op98/protein_design/dataset/PP/PP2/2b0z.ent.pdb,2,compnd
2b12,/home/op98/protein_design/dataset/PP/PP2/2b12.ent.pdb,2,compnd
2b42,/home/op98/protein_design/dataset/PP/PP2/2b42.ent.pdb,2,compnd
2b7c,/home/op98/protein_design/dataset/PP/PP2/2b7c.ent.pdb,2,compnd
2b87,/home/op98/protein_design/dataset/PP/PP2/2b87.ent.pdb,2,compnd
2btf,/home/op98/protein_design/dataset/PP/PP2/2btf.ent.pdb,2,compnd
2c0l,/home/op98/protein_design/dataset/PP/PP2/2c0l.ent.pdb,2,compnd
2c1m,/home/op98/protein_design/dataset/PP/PP2/2c1m.ent.pdb,2,compnd
2c7m,/home/op98/protein_design/dataset/PP/PP2/2c7m.ent.pdb,2,compnd
2cpk,/home/op98/protein_design/dataset/PP/PP2/2cpk.ent.pdb,2,compnd
2den,/home/op98/protein_design/dataset/PP/PP2/2den.ent.pdb,2,compnd
2djy,/home/op98/protein_design/dataset/PP/PP2/2djy.ent.pdb,2,compnd
2dsp,/home/op98/protein_design/dataset/PP/PP2/2dsp.ent.pdb,2,compnd
2dx5,/home/op98/protein_design/dataset/PP/PP2/2dx5.ent.pdb,2,compnd
2f31,/home/op98/protein_design/dataset/PP/PP2/2f31.ent.pdb,2,compnd
2f4m,/home/op98/protein_design/dataset/PP/PP2/2f4m.ent.pdb,2,compnd
2few,/home/op98/protein_design/dataset/PP/PP2/2few.ent.pdb,2,compnd
2fju,/home/op98/protein_design/dataset/PP/PP2/2fju.ent.pdb,2,compnd
2ftl,/home/op98/protein_design/dataset/PP/PP2/2ftl.ent.pdb,2,compnd
2ftm,/home/op98/protein_design/dataset/PP/PP2/2ftm.ent.pdb,2,compnd
2fuh,/home/op98/protein_design/dataset/PP/PP2/2fuh.ent.pdb,2,compnd
2fyl,/home/op98/protein_design/dataset/PP/PP2/2fyl.ent.pdb,2,compnd
2g2u,/home/op98/protein_design/dataset/PP/PP2/2g2u.ent.pdb,2,compnd
2g2w,/home/op98/protein_design/dataset/PP/PP2/2g2w.ent.pdb,2,compnd
2g81,/home/op98/protein_design/dataset/PP/PP2/2g81.ent.pdb,2,compnd
2gng,/home/op98/protein_design/dataset/PP/PP2/2gng.ent.pdb,2,compnd
2gww,/home/op98/protein_design/dataset/PP/PP2/2gww.ent.pdb,2,compnd
2hd5,/home/op98/protein_design/dataset/PP/PP2/2hd5.ent.pdb,2,compnd
2hev,/home/op98/protein_design/dataset/PP/PP2/2hev.ent.pdb,2,compnd
2hle,/home/op98/protein_design/dataset/PP/PP2/2hle.ent.pdb,2,compnd
2hqw,/home/op98/protein_design/dataset/PP/PP2/2hqw.ent.pdb,2,compnd
2hrk,/home/op98/protein_design/dataset/PP/PP2/2hrk.ent.pdb,2,compnd
2hsq,/home/op98/protein_design/dataset/PP/PP2/2hsq.ent.pdb,2,compnd
2hth,/home/op98/protein_design/dataset/PP/PP2/2hth.ent.pdb,2,compnd
2ixq,/home/op98/protein_design/dataset/PP/PP2/2ixq.ent.pdb,2,compnd
2j12,/home/op98/protein_design/dataset/PP/PP2/2j12.ent.pdb,2,compnd
2jgz,/home/op98/protein_design/dataset/PP/PP2/2jgz.ent.pdb,2,compnd
2jod,/home/op98/protein_design/dataset/PP/PP2/2jod.ent.pdb,2,compnd
2jt4,/home/op98/protein_design/dataset/PP/PP2/2jt4.ent.pdb,2,compnd
2jti,/home/op98/protein_design/dataset/PP/PP2/2jti.ent.pdb,2,compnd
2ju0,/home/op98/protein_design/dataset/PP/PP2/2ju0.ent.pdb,2,compnd
2jy6,/home/op98/protein_design/dataset/PP/PP2/2jy6.ent.pdb,2,compnd
2k2s,/home/op98/protein_design/dataset/PP/PP2/2k2s.ent.pdb,2,compnd
2k2u,/home/op98/protein_design/dataset/PP/PP2/2k2u.ent.pdb,2,compnd
2k3s,/home/op98/protein_design/dataset/PP/PP2/2k3s.ent.pdb,2,compnd
2k3u,/home/op98/protein_design/dataset/PP/PP2/2k3u.ent.pdb,2,compnd
2k42,/home/op98/protein_design/dataset/PP/PP2/2k42.ent.pdb,2,compnd
2k5b,/home/op98/protein_design/dataset/PP/PP2/2k5b.ent.pdb,2,compnd
2k6d,/home/op98/protein_design/dataset/PP/PP2/2k6d.ent.pdb,2,compnd
2k79,/home/op98/protein_design/dataset/PP/PP2/2k79.ent.pdb,2,compnd
2k7a,/home/op98/protein_design/dataset/PP/PP2/2k7a.ent.pdb,2,compnd
2k8b,/home/op98/protein_design/dataset/PP/PP2/2k8b.ent.pdb,2,compnd
2k8c,/home/op98/protein_design/dataset/PP/PP2/2k8c.ent.pdb,2,compnd
2k8f,/home/op98/protein_design/dataset/PP/PP2/2k8f.ent.pdb,2,compnd
2ka4,/home/op98/protein_design/dataset/PP/PP2/2ka4.ent.pdb,2,compnd
2ka6,/home/op98/protein_design/dataset/PP/PP2/2ka6.ent.pdb,2,compnd
2kbw,/home/op98/protein_design/dataset/PP/PP2/2kbw.ent.pdb,2,compnd
2kc8,/home/op98/protein_design/dataset/PP/PP2/2kc8.ent.pdb,2,compnd
2kgx,/home/op98/protein_design/dataset/PP/PP2/2kgx.ent.pdb,2,compnd
2khs,/home/op98/protein_design/dataset/PP/PP2/2khs.ent.pdb,2,compnd
2kj4,/home/op98/protein_design/dataset/PP/PP2/2kj4.ent.pdb,2,compnd
2knb,/home/op98/protein_design/dataset/PP/PP2/2knb.ent.pdb,2,compnd
2kqs,/home/op98/protein_design/dataset/PP/PP2/2kqs.ent.pdb,2,compnd
2kri,/home/op98/protein_design/dataset/PP/PP2/2kri.ent.pdb,2,compnd
2kt5,/home/op98/protein_design/dataset/PP/PP2/2kt5.ent.pdb,2,compnd
2ktf,/home/op98/protein_design/dataset/PP/PP2/2ktf.ent.pdb,2,compnd
2kvq,/home/op98/protein_design/dataset/PP/PP2/2kvq.ent.pdb,2,compnd
2kwi,/home/op98/protein_design/dataset/PP/PP2/2kwi.ent.pdb,2,compnd
2kwj,/home/op98/protein_design/dataset/PP/PP2/2kwj.ent.pdb,2,compnd
2kwk,/home/op98/protein_design/dataset/PP/PP2/2kwk.ent.pdb,2,compnd
2kwo,/home/op98/protein_design/dataset/PP/PP2/2kwo.ent.pdb,2,compnd
2kwu,/home/op98/protein_design/dataset/PP/PP2/2kwu.ent.pdb,2,compnd
2kwv,/home/op98/protein_design/dataset/PP/PP2/2kwv.ent.pdb,2,compnd
2kxh,/home/op98/protein_design/dataset/PP/PP2/2kxh.ent.pdb,2,compnd
2kxw,/home/op98/protein_design/dataset/PP/PP2/2kxw.ent.pdb,2,compnd
2l0f,/home/op98/protein_design/dataset/PP/PP2/2l0f.ent.pdb,2,compnd
2l0t,/home/op98/protein_design/dataset/PP/PP2/2l0t.ent.pdb,2,compnd
2l14,/home/op98/protein_design/dataset/PP/PP2/2l14.ent.pdb,2,compnd
2l1l,/home/op98/protein_design/dataset/PP/PP2/2l1l.ent.pdb,2,compnd
2l29,/home/op98/protein_design/dataset/PP/PP2/2l29.ent.pdb,2,compnd
2l2l,/home/op98/protein_design/dataset/PP/PP2/2l2l.ent.pdb,2,compnd
2l9s,/home/op98/protein_design/dataset/PP/PP2/2l9s.ent.pdb,2,compnd
2ld7,/home/op98/protein_design/dataset/PP/PP2/2ld7.ent.pdb,2,compnd
2leh,/home/op98/protein_design/dataset/PP/PP2/2leh.ent.pdb,2,compnd
2lfw,/home/op98/protein_design/dataset/PP/PP2/2lfw.ent.pdb,2,compnd
2lkm,/home/op98/protein_design/dataset/PP/PP2/2lkm.ent.pdb,2,compnd
2lox,/home/op98/protein_design/dataset/PP/PP2/2lox.ent.pdb,2,compnd
2lp0,/home/op98/protein_design/dataset/PP/PP2/2lp0.ent.pdb,2,compnd
2lp4,/home/op98/protein_design/dataset/PP/PP2/2lp4.ent.pdb,2,compnd
2lpb,/home/op98/protein_design/dataset/PP/PP2/2lpb.ent.pdb,2,compnd
2lqc,/home/op98/protein_design/dataset/PP/PP2/2lqc.ent.pdb,2,compnd
2lqh,/home/op98/protein_design/dataset/PP/PP2/2lqh.ent.pdb,2,compnd
2luh,/home/op98/protein_design/dataset/PP/PP2/2luh.ent.pdb,2,compnd
2lvo,/home/op98/protein_design/dataset/PP/PP2/2lvo.ent.pdb,2,compnd
2lww,/home/op98/protein_design/dataset/PP/PP2/2lww.ent.pdb,2,compnd
2lxm,/home/op98/protein_design/dataset/PP/PP2/2lxm.ent.pdb,2,compnd
2ly4,/home/op98/protein_design/dataset/PP/PP2/2ly4.ent.pdb,2,compnd
2lz6,/home/op98/protein_design/dataset/PP/PP2/2lz6.ent.pdb,2,compnd
2m04,/home/op98/protein_design/dataset/PP/PP2/2m04.ent.pdb,2,compnd
2m0g,/home/op98/protein_design/dataset/PP/PP2/2m0g.ent.pdb,2,compnd
2m0j,/home/op98/protein_design/dataset/PP/PP2/2m0j.ent.pdb,2,compnd
2m55,/home/op98/protein_design/dataset/PP/PP2/2m55.ent.pdb,2,compnd
2m5a,/home/op98/protein_design/dataset/PP/PP2/2m5a.ent.pdb,2,compnd
2m5b,/home/op98/protein_design/dataset/PP/PP2/2m5b.ent.pdb,2,compnd
2m86,/home/op98/protein_design/dataset/PP/PP2/2m86.ent.pdb,2,compnd
2mbb,/home/op98/protein_design/dataset/PP/PP2/2mbb.ent.pdb,2,compnd
2mcn,/home/op98/protein_design/dataset/PP/PP2/2mcn.ent.pdb,2,compnd
2mej,/home/op98/protein_design/dataset/PP/PP2/2mej.ent.pdb,2,compnd
2mfq,/home/op98/protein_design/dataset/PP/PP2/2mfq.ent.pdb,2,compnd
2mj5,/home/op98/protein_design/dataset/PP/PP2/2mj5.ent.pdb,2,compnd
2mlx,/home/op98/protein_design/dataset/PP/PP2/2mlx.ent.pdb,2,compnd
2mly,/home/op98/protein_design/dataset/PP/PP2/2mly.ent.pdb,2,compnd
2mlz,/home/op98/protein_design/dataset/PP/PP2/2mlz.ent.pdb,2,compnd
2mnu,/home/op98/protein_design/dataset/PP/PP2/2mnu.ent.pdb,2,compnd
2mp0,/home/op98/protein_design/dataset/PP/PP2/2mp0.ent.pdb,2,compnd
2mre,/home/op98/protein_design/dataset/PP/PP2/2mre.ent.pdb,2,compnd
2mro,/home/op98/protein_design/dataset/PP/PP2/2mro.ent.pdb,2,compnd
2mur,/home/op98/protein_design/dataset/PP/PP2/2mur.ent.pdb,2,compnd
2mv7,/home/op98/protein_design/dataset/PP/PP2/2mv7.ent.pdb,2,compnd
2mws,/home/op98/protein_design/dataset/PP/PP2/2mws.ent.pdb,2,compnd
2mzd,/home/op98/protein_design/dataset/PP/PP2/2mzd.ent.pdb,2,compnd
2n01,/home/op98/protein_design/dataset/PP/PP2/2n01.ent.pdb,2,compnd
2n1d,/home/op98/protein_design/dataset/PP/PP2/2n1d.ent.pdb,2,compnd
2n2h,/home/op98/protein_design/dataset/PP/PP2/2n2h.ent.pdb,2,compnd
2n73,/home/op98/protein_design/dataset/PP/PP2/2n73.ent.pdb,2,compnd
2n8j,/home/op98/protein_design/dataset/PP/PP2/2n8j.ent.pdb,2,compnd
2nbv,/home/op98/protein_design/dataset/PP/PP2/2nbv.ent.pdb,2,compnd
2nqd,/home/op98/protein_design/dataset/PP/PP2/2nqd.ent.pdb,2,compnd
2o3b,/home/op98/protein_design/dataset/PP/PP2/2o3b.ent.pdb,2,compnd
2o8v,/home/op98/protein_design/dataset/PP/PP2/2o8v.ent.pdb,2,compnd
2omt,/home/op98/protein_design/dataset/PP/PP2/2omt.ent.pdb,2,compnd
2omu,/home/op98/protein_design/dataset/PP/PP2/2omu.ent.pdb,2,compnd
2omv,/home/op98/protein_design/dataset/PP/PP2/2omv.ent.pdb,2,compnd
2omw,/home/op98/protein_design/dataset/PP/PP2/2omw.ent.pdb,2,compnd
2omx,/home/op98/protein_design/dataset/PP/PP2/2omx.ent.pdb,2,compnd
2omy,/home/op98/protein_design/dataset/PP/PP2/2omy.ent.pdb,2,compnd
2omz,/home/op98/protein_design/dataset/PP/PP2/2omz.ent.pdb,2,compnd
2oob,/home/op98/protein_design/dataset/PP/PP2/2oob.ent.pdb,2,compnd
2ot3,/home/op98/protein_design/dataset/PP/PP2/2ot3.ent.pdb,2,compnd
2oul,/home/op98/protein_design/dataset/PP/PP2/2oul.ent.pdb,2,compnd
2oza,/home/op98/protein_design/dataset/PP/PP2/2oza.ent.pdb,2,compnd
2p43,/home/op98/protein_design/dataset/PP/PP2/2p43.ent.pdb,2,compnd
2p44,/home/op98/protein_design/dataset/PP/PP2/2p44.ent.pdb,2,compnd
2p45,/home/op98/protein_design/dataset/PP/PP2/2p45.ent.pdb,2,compnd
2p47,/home/op98/protein_design/dataset/PP/PP2/2p47.ent.pdb,2,compnd
2p48,/home/op98/protein_design/dataset/PP/PP2/2p48.ent.pdb,2,compnd
2p49,/home/op98/protein_design/dataset/PP/PP2/2p49.ent.pdb,2,compnd
2p8q,/home/op98/protein_design/dataset/PP/PP2/2p8q.ent.pdb,2,compnd
2pon,/home/op98/protein_design/dataset/PP/PP2/2pon.ent.pdb,2,compnd
2ptc,/home/op98/protein_design/dataset/PP/PP2/2ptc.ent.pdb,2,compnd
2ptt,/home/op98/protein_design/dataset/PP/PP2/2ptt.ent.pdb,2,compnd
2px9,/home/op98/protein_design/dataset/PP/PP2/2px9.ent.pdb,2,compnd
2qc1,/home/op98/protein_design/dataset/PP/PP2/2qc1.ent.pdb,2,compnd
2qna,/home/op98/protein_design/dataset/PP/PP2/2qna.ent.pdb,2,compnd
2qur,/home/op98/protein_design/dataset/PP/PP2/2qur.ent.pdb,2,compnd
2qxv,/home/op98/protein_design/dataset/PP/PP2/2qxv.ent.pdb,2,compnd
2rmk,/home/op98/protein_design/dataset/PP/PP2/2rmk.ent.pdb,2,compnd
2rms,/home/op98/protein_design/dataset/PP/PP2/2rms.ent.pdb,2,compnd
2rnr,/home/op98/protein_design/dataset/PP/PP2/2rnr.ent.pdb,2,compnd
2roz,/home/op98/protein_design/dataset/PP/PP2/2roz.ent.pdb,2,compnd
2rr3,/home/op98/protein_design/dataset/PP/PP2/2rr3.ent.pdb,2,compnd
2ru4,/home/op98/protein_design/dataset/PP/PP2/2ru4.ent.pdb,2,compnd
2ruk,/home/op98/protein_design/dataset/PP/PP2/2ruk.ent.pdb,2,compnd
2rvb,/home/op98/protein_design/dataset/PP/PP2/2rvb.ent.pdb,2,compnd
2sic,/home/op98/protein_design/dataset/PP/PP2/2sic.ent.pdb,2,compnd
2sni,/home/op98/protein_design/dataset/PP/PP2/2sni.ent.pdb,2,compnd
2tgp,/home/op98/protein_design/dataset/PP/PP2/2tgp.ent.pdb,2,compnd
2uuy,/home/op98/protein_design/dataset/PP/PP2/2uuy.ent.pdb,2,compnd
2uyz,/home/op98/protein_design/dataset/PP/PP2/2uyz.ent.pdb,2,compnd
2v3b,/home/op98/protein_design/dataset/PP/PP2/2v3b.ent.pdb,2,compnd
2v4z,/home/op98/protein_design/dataset/PP/PP2/2v4z.ent.pdb,2,compnd
2v52,/home/op98/protein_design/dataset/PP/PP2/2v52.ent.pdb,2,compnd
2v6x,/home/op98/protein_design/dataset/PP/PP2/2v6x.ent.pdb,2,compnd
2v8s,/home/op98/protein_design/dataset/PP/PP2/2v8s.ent.pdb,2,compnd
2v9t,/home/op98/protein_design/dataset/PP/PP2/2v9t.ent.pdb,2,compnd
2vay,/home/op98/protein_design/dataset/PP/PP2/2vay.ent.pdb,2,compnd
2vda,/home/op98/protein_design/dataset/PP/PP2/2vda.ent.pdb,2,compnd
2vdb,/home/op98/protein_design/dataset/PP/PP2/2vdb.ent.pdb,2,compnd
2ver,/home/op98/protein_design/dataset/PP/PP2/2ver.ent.pdb,2,compnd
2vln,/home/op98/protein_design/dataset/PP/PP2/2vln.ent.pdb,2,compnd
2vlo,/home/op98/protein_design/dataset/PP/PP2/2vlo.ent.pdb,2,compnd
2vlp,/home/op98/protein_design/dataset/PP/PP2/2vlp.ent.pdb,2,compnd
2vlq,/home/op98/protein_design/dataset/PP/PP2/2vlq.ent.pdb,2,compnd
2vog,/home/op98/protein_design/dataset/PP/PP2/2vog.ent.pdb,2,compnd
2voh,/home/op98/protein_design/dataset/PP/PP2/2voh.ent.pdb,2,compnd
2voi,/home/op98/protein_design/dataset/PP/PP2/2voi.ent.pdb,2,compnd
2vsm,/home/op98/protein_design/dataset/PP/PP2/2vsm.ent.pdb,2,compnd
2w84,/home/op98/protein_design/dataset/PP/PP2/2w84.ent.pdb,2,compnd
2wd5,/home/op98/protein_design/dataset/PP/PP2/2wd5.ent.pdb,2,compnd
2wel,/home/op98/protein_design/dataset/PP/PP2/2wel.ent.pdb,2,compnd
2wfx,/home/op98/protein_design/dataset/PP/PP2/2wfx.ent.pdb,2,compnd
2wg4,/home/op98/protein_design/dataset/PP/PP2/2wg4.ent.pdb,2,compnd
2wh6,/home/op98/protein_design/dataset/PP/PP2/2wh6.ent.pdb,2,compnd
2wo2,/home/op98/protein_design/dataset/PP/PP2/2wo2.ent.pdb,2,compnd
2wo3,/home/op98/protein_design/dataset/PP/PP2/2wo3.ent.pdb,2,compnd
2wp3,/home/op98/protein_design/dataset/PP/PP2/2wp3.ent.pdb,2,compnd
2wpt,/home/op98/protein_design/dataset/PP/PP2/2wpt.ent.pdb,2,compnd
2wwk,/home/op98/protein_design/dataset/PP/PP2/2wwk.ent.pdb,2,compnd
2wwx,/home/op98/protein_design/dataset/PP/PP2/2wwx.ent.pdb,2,compnd
2wy8,/home/op98/protein_design/dataset/PP/PP2/2wy8.ent.pdb,2,compnd
2x1x,/home/op98/protein_design/dataset/PP/PP2/2x1x.ent.pdb,2,compnd
2xgy,/home/op98/protein_design/dataset/PP/PP2/2xgy.ent.pdb,2,compnd
2xhe,/home/op98/protein_design/dataset/PP/PP2/2xhe.ent.pdb,2,compnd
2xpx,/home/op98/protein_design/dataset/PP/PP2/2xpx.ent.pdb,2,compnd
2xtt,/home/op98/protein_design/dataset/PP/PP2/2xtt.ent.pdb,2,compnd
2y9m,/home/op98/protein_design/dataset/PP/PP2/2y9m.ent.pdb,2,compnd
2ygg,/home/op98/protein_design/dataset/PP/PP2/2ygg.ent.pdb,2,compnd
2yq7,/home/op98/protein_design/dataset/PP/PP2/2yq7.ent.pdb,2,compnd
2z58,/home/op98/protein_design/dataset/PP/PP2/2z58.ent.pdb,2,compnd
2z7f,/home/op98/protein_design/dataset/PP/PP2/2z7f.ent.pdb,2,compnd
3ajb,/home/op98/protein_design/dataset/PP/PP2/3ajb.ent.pdb,2,compnd
3alz,/home/op98/protein_design/dataset/PP/PP2/3alz.ent.pdb,2,compnd
3aon,/home/op98/protein_design/dataset/PP/PP2/3aon.ent.pdb,2,compnd
3au4,/home/op98/protein_design/dataset/PP/PP2/3au4.ent.pdb,2,compnd
3beg,/home/op98/protein_design/dataset/PP/PP2/3beg.ent.pdb,2,compnd
3bh6,/home/op98/protein_design/dataset/PP/PP2/3bh6.ent.pdb,2,compnd
3blh,/home/op98/protein_design/dataset/PP/PP2/3blh.ent.pdb,2,compnd
3bn3,/home/op98/protein_design/dataset/PP/PP2/3bn3.ent.pdb,2,compnd
3bs5,/home/op98/protein_design/dataset/PP/PP2/3bs5.ent.pdb,2,compnd
3bzd,/home/op98/protein_design/dataset/PP/PP2/3bzd.ent.pdb,2,compnd
3c4o,/home/op98/protein_design/dataset/PP/PP2/3c4o.ent.pdb,2,compnd
3c4p,/home/op98/protein_design/dataset/PP/PP2/3c4p.ent.pdb,2,compnd
3c59,/home/op98/protein_design/dataset/PP/PP2/3c59.ent.pdb,2,compnd
3c5t,/home/op98/protein_design/dataset/PP/PP2/3c5t.ent.pdb,2,compnd
3ch5,/home/op98/protein_design/dataset/PP/PP2/3ch5.ent.pdb,2,compnd
3cqc,/home/op98/protein_design/dataset/PP/PP2/3cqc.ent.pdb,2,compnd
3cqg,/home/op98/protein_design/dataset/PP/PP2/3cqg.ent.pdb,2,compnd
3cx6,/home/op98/protein_design/dataset/PP/PP2/3cx6.ent.pdb,2,compnd
3cx7,/home/op98/protein_design/dataset/PP/PP2/3cx7.ent.pdb,2,compnd
3cx8,/home/op98/protein_design/dataset/PP/PP2/3cx8.ent.pdb,2,compnd
3d7t,/home/op98/protein_design/dataset/PP/PP2/3d7t.ent.pdb,2,compnd
3ddc,/home/op98/protein_design/dataset/PP/PP2/3ddc.ent.pdb,2,compnd
3di3,/home/op98/protein_design/dataset/PP/PP2/3di3.ent.pdb,2,compnd
3doe,/home/op98/protein_design/dataset/PP/PP2/3doe.ent.pdb,2,compnd
3dvm,/home/op98/protein_design/dataset/PP/PP2/3dvm.ent.pdb,2,compnd
3e1z,/home/op98/protein_design/dataset/PP/PP2/3e1z.ent.pdb,2,compnd
3eba,/home/op98/protein_design/dataset/PP/PP2/3eba.ent.pdb,2,compnd
3f1p,/home/op98/protein_design/dataset/PP/PP2/3f1p.ent.pdb,2,compnd
3f50,/home/op98/protein_design/dataset/PP/PP2/3f50.ent.pdb,2,compnd
3fhc,/home/op98/protein_design/dataset/PP/PP2/3fhc.ent.pdb,2,compnd
3fii,/home/op98/protein_design/dataset/PP/PP2/3fii.ent.pdb,2,compnd
3fju,/home/op98/protein_design/dataset/PP/PP2/3fju.ent.pdb,2,compnd
3fp6,/home/op98/protein_design/dataset/PP/PP2/3fp6.ent.pdb,2,compnd
3fpu,/home/op98/protein_design/dataset/PP/PP2/3fpu.ent.pdb,2,compnd
3g7a,/home/op98/protein_design/dataset/PP/PP2/3g7a.ent.pdb,2,compnd
3gb8,/home/op98/protein_design/dataset/PP/PP2/3gb8.ent.pdb,2,compnd
3gc3,/home/op98/protein_design/dataset/PP/PP2/3gc3.ent.pdb,2,compnd
3gj3,/home/op98/protein_design/dataset/PP/PP2/3gj3.ent.pdb,2,compnd
3gj6,/home/op98/protein_design/dataset/PP/PP2/3gj6.ent.pdb,2,compnd
3gni,/home/op98/protein_design/dataset/PP/PP2/3gni.ent.pdb,2,compnd
3gqi,/home/op98/protein_design/dataset/PP/PP2/3gqi.ent.pdb,2,compnd
3gty,/home/op98/protein_design/dataset/PP/PP2/3gty.ent.pdb,2,compnd
3gxu,/home/op98/protein_design/dataset/PP/PP2/3gxu.ent.pdb,2,compnd
3h3g,/home/op98/protein_design/dataset/PP/PP2/3h3g.ent.pdb,2,compnd
3h8k,/home/op98/protein_design/dataset/PP/PP2/3h8k.ent.pdb,2,compnd
3hct,/home/op98/protein_design/dataset/PP/PP2/3hct.ent.pdb,2,compnd
3idb,/home/op98/protein_design/dataset/PP/PP2/3idb.ent.pdb,2,compnd
3idc,/home/op98/protein_design/dataset/PP/PP2/3idc.ent.pdb,2,compnd
3iol,/home/op98/protein_design/dataset/PP/PP2/3iol.ent.pdb,2,compnd
3ixe,/home/op98/protein_design/dataset/PP/PP2/3ixe.ent.pdb,2,compnd
3jza,/home/op98/protein_design/dataset/PP/PP2/3jza.ent.pdb,2,compnd
3k1r,/home/op98/protein_design/dataset/PP/PP2/3k1r.ent.pdb,2,compnd
3k8p,/home/op98/protein_design/dataset/PP/PP2/3k8p.ent.pdb,2,compnd
3kj0,/home/op98/protein_design/dataset/PP/PP2/3kj0.ent.pdb,2,compnd
3kj1,/home/op98/protein_design/dataset/PP/PP2/3kj1.ent.pdb,2,compnd
3kj2,/home/op98/protein_design/dataset/PP/PP2/3kj2.ent.pdb,2,compnd
3knb,/home/op98/protein_design/dataset/PP/PP2/3knb.ent.pdb,2,compnd
3kuc,/home/op98/protein_design/dataset/PP/PP2/3kuc.ent.pdb,2,compnd
3kud,/home/op98/protein_design/dataset/PP/PP2/3kud.ent.pdb,2,compnd
3kv4,/home/op98/protein_design/dataset/PP/PP2/3kv4.ent.pdb,2,compnd
3kw5,/home/op98/protein_design/dataset/PP/PP2/3kw5.ent.pdb,2,compnd
3kyi,/home/op98/protein_design/dataset/PP/PP2/3kyi.ent.pdb,2,compnd
3l9j,/home/op98/protein_design/dataset/PP/PP2/3l9j.ent.pdb,2,compnd
3lbx,/home/op98/protein_design/dataset/PP/PP2/3lbx.ent.pdb,2,compnd
3lms,/home/op98/protein_design/dataset/PP/PP2/3lms.ent.pdb,2,compnd
3m18,/home/op98/protein_design/dataset/PP/PP2/3m18.ent.pdb,2,compnd
3m63,/home/op98/protein_design/dataset/PP/PP2/3m63.ent.pdb,2,compnd
3mca,/home/op98/protein_design/dataset/PP/PP2/3mca.ent.pdb,2,compnd
3me2,/home/op98/protein_design/dataset/PP/PP2/3me2.ent.pdb,2,compnd
3mj7,/home/op98/protein_design/dataset/PP/PP2/3mj7.ent.pdb,2,compnd
3mzg,/home/op98/protein_design/dataset/PP/PP2/3mzg.ent.pdb,2,compnd
3mzw,/home/op98/protein_design/dataset/PP/PP2/3mzw.ent.pdb,2,compnd
3n00,/home/op98/protein_design/dataset/PP/PP2/3n00.ent.pdb,2,compnd
3n06,/home/op98/protein_design/dataset/PP/PP2/3n06.ent.pdb,2,compnd
3n0p,/home/op98/protein_design/dataset/PP/PP2/3n0p.ent.pdb,2,compnd
3n4i,/home/op98/protein_design/dataset/PP/PP2/3n4i.ent.pdb,2,compnd
3ncb,/home/op98/protein_design/dataset/PP/PP2/3ncb.ent.pdb,2,compnd
3ncc,/home/op98/protein_design/dataset/PP/PP2/3ncc.ent.pdb,2,compnd
3nvn,/home/op98/protein_design/dataset/PP/PP2/3nvn.ent.pdb,2,compnd
3o40,/home/op98/protein_design/dataset/PP/PP2/3o40.ent.pdb,2,compnd
3o43,/home/op98/protein_design/dataset/PP/PP2/3o43.ent.pdb,2,compnd
3o5t,/home/op98/protein_design/dataset/PP/PP2/3o5t.ent.pdb,2,compnd
3oiq,/home/op98/protein_design/dataset/PP/PP2/3oiq.ent.pdb,2,compnd
3ojm,/home/op98/protein_design/dataset/PP/PP2/3ojm.ent.pdb,2,compnd
3oky,/home/op98/protein_design/dataset/PP/PP2/3oky.ent.pdb,2,compnd
3ol2,/home/op98/protein_design/dataset/PP/PP2/3ol2.ent.pdb,2,compnd
3olm,/home/op98/protein_design/dataset/PP/PP2/3olm.ent.pdb,2,compnd
3ona,/home/op98/protein_design/dataset/PP/PP2/3ona.ent.pdb,2,compnd
3oun,/home/op98/protein_design/dataset/PP/PP2/3oun.ent.pdb,2,compnd
3ouw,/home/op98/protein_design/dataset/PP/PP2/3ouw.ent.pdb,2,compnd
3oux,/home/op98/protein_design/dataset/PP/PP2/3oux.ent.pdb,2,compnd
3p71,/home/op98/protein_design/dataset/PP/PP2/3p71.ent.pdb,2,compnd
3p92,/home/op98/protein_design/dataset/PP/PP2/3p92.ent.pdb,2,compnd
3p95,/home/op98/protein_design/dataset/PP/PP2/3p95.ent.pdb,2,compnd
3pnr,/home/op98/protein_design/dataset/PP/PP2/3pnr.ent.pdb,2,compnd
3qc8,/home/op98/protein_design/dataset/PP/PP2/3qc8.ent.pdb,2,compnd
3qhy,/home/op98/protein_design/dataset/PP/PP2/3qhy.ent.pdb,2,compnd
3qq8,/home/op98/protein_design/dataset/PP/PP2/3qq8.ent.pdb,2,compnd
3qsk,/home/op98/protein_design/dataset/PP/PP2/3qsk.ent.pdb,2,compnd
3qwq,/home/op98/protein_design/dataset/PP/PP2/3qwq.ent.pdb,2,compnd
3rgf,/home/op98/protein_design/dataset/PP/PP2/3rgf.ent.pdb,2,compnd
3ro2,/home/op98/protein_design/dataset/PP/PP2/3ro2.ent.pdb,2,compnd
3sgb,/home/op98/protein_design/dataset/PP/PP2/3sgb.ent.pdb,2,compnd
3sjh,/home/op98/protein_design/dataset/PP/PP2/3sjh.ent.pdb,2,compnd
3sri,/home/op98/protein_design/dataset/PP/PP2/3sri.ent.pdb,2,compnd
3t04,/home/op98/protein_design/dataset/PP/PP2/3t04.ent.pdb,2,compnd
3tac,/home/op98/protein_design/dataset/PP/PP2/3tac.ent.pdb,2,compnd
3tei,/home/op98/protein_design/dataset/PP/PP2/3tei.ent.pdb,2,compnd
3tg1,/home/op98/protein_design/dataset/PP/PP2/3tg1.ent.pdb,2,compnd
3tgk,/home/op98/protein_design/dataset/PP/PP2/3tgk.ent.pdb,2,compnd
3tkl,/home/op98/protein_design/dataset/PP/PP2/3tkl.ent.pdb,2,compnd
3tu3,/home/op98/protein_design/dataset/PP/PP2/3tu3.ent.pdb,2,compnd
3tz1,/home/op98/protein_design/dataset/PP/PP2/3tz1.ent.pdb,2,compnd
3u43,/home/op98/protein_design/dataset/PP/PP2/3u43.ent.pdb,2,compnd
3u82,/home/op98/protein_design/dataset/PP/PP2/3u82.ent.pdb,2,compnd
3u9z,/home/op98/protein_design/dataset/PP/PP2/3u9z.ent.pdb,2,compnd
3ujg,/home/op98/protein_design/dataset/PP/PP2/3ujg.ent.pdb,2,compnd
3ukw,/home/op98/protein_design/dataset/PP/PP2/3ukw.ent.pdb,2,compnd
3ukx,/home/op98/protein_design/dataset/PP/PP2/3ukx.ent.pdb,2,compnd
3ukz,/home/op98/protein_design/dataset/PP/PP2/3ukz.ent.pdb,2,compnd
3ul0,/home/op98/protein_design/dataset/PP/PP2/3ul0.ent.pdb,2,compnd
3ul1,/home/op98/protein_design/dataset/PP/PP2/3ul1.ent.pdb,2,compnd
3ul4,/home/op98/protein_design/dataset/PP/PP2/3ul4.ent.pdb,2,compnd
3uyo,/home/op98/protein_design/dataset/PP/PP2/3uyo.ent.pdb,2,compnd
3uyp,/home/op98/protein_design/dataset/PP/PP2/3uyp.ent.pdb,2,compnd
3uzq,/home/op98/protein_design/dataset/PP/PP2/3uzq.ent.pdb,2,compnd
3uzv,/home/op98/protein_design/dataset/PP/PP2/3uzv.ent.pdb,2,compnd
3v6b,/home/op98/protein_design/dataset/PP/PP2/3v6b.ent.pdb,2,compnd
3v96,/home/op98/protein_design/dataset/PP/PP2/3v96.ent.pdb,2,compnd
3vv2,/home/op98/protein_design/dataset/PP/PP2/3vv2.ent.pdb,2,compnd
3vyr,/home/op98/protein_design/dataset/PP/PP2/3vyr.ent.pdb,2,compnd
3w8h,/home/op98/protein_design/dataset/PP/PP2/3w8h.ent.pdb,2,compnd
3w8i,/home/op98/protein_design/dataset/PP/PP2/3w8i.ent.pdb,2,compnd
3wa5,/home/op98/protein_design/dataset/PP/PP2/3wa5.ent.pdb,2,compnd
3wdg,/home/op98/protein_design/dataset/PP/PP2/3wdg.ent.pdb,2,compnd
3wqb,/home/op98/protein_design/dataset/PP/PP2/3wqb.ent.pdb,2,compnd
3wwn,/home/op98/protein_design/dataset/PP/PP2/3wwn.ent.pdb,2,compnd
3zet,/home/op98/protein_design/dataset/PP/PP2/3zet.ent.pdb,2,compnd
3zkq,/home/op98/protein_design/dataset/PP/PP2/3zkq.ent.pdb,2,compnd
3znz,/home/op98/protein_design/dataset/PP/PP2/3znz.ent.pdb,2,compnd
3zo0,/home/op98/protein_design/dataset/PP/PP2/3zo0.ent.pdb,2,compnd
3zu7,/home/op98/protein_design/dataset/PP/PP2/3zu7.ent.pdb,2,compnd
3zwz,/home/op98/protein_design/dataset/PP/PP2/3zwz.ent.pdb,2,compnd
3zyi,/home/op98/protein_design/dataset/PP/PP2/3zyi.ent.pdb,2,compnd
4a1u,/home/op98/protein_design/dataset/PP/PP2/4a1u.ent.pdb,2,compnd
4a49,/home/op98/protein_design/dataset/PP/PP2/4a49.ent.pdb,2,compnd
4an7,/home/op98/protein_design/dataset/PP/PP2/4an7.ent.pdb,2,compnd
4ap2,/home/op98/protein_design/dataset/PP/PP2/4ap2.ent.pdb,2,compnd
4apf,/home/op98/protein_design/dataset/PP/PP2/4apf.ent.pdb,2,compnd
4apx,/home/op98/protein_design/dataset/PP/PP2/4apx.ent.pdb,2,compnd
4aqe,/home/op98/protein_design/dataset/PP/PP2/4aqe.ent.pdb,2,compnd
4awx,/home/op98/protein_design/dataset/PP/PP2/4awx.ent.pdb,2,compnd
4b1x,/home/op98/protein_design/dataset/PP/PP2/4b1x.ent.pdb,2,compnd
4b1y,/home/op98/protein_design/dataset/PP/PP2/4b1y.ent.pdb,2,compnd
4b93,/home/op98/protein_design/dataset/PP/PP2/4b93.ent.pdb,2,compnd
4bd9,/home/op98/protein_design/dataset/PP/PP2/4bd9.ent.pdb,2,compnd
4bfi,/home/op98/protein_design/dataset/PP/PP2/4bfi.ent.pdb,2,compnd
4bkx,/home/op98/protein_design/dataset/PP/PP2/4bkx.ent.pdb,2,compnd
4bru,/home/op98/protein_design/dataset/PP/PP2/4bru.ent.pdb,2,compnd
4brw,/home/op98/protein_design/dataset/PP/PP2/4brw.ent.pdb,2,compnd
4c2a,/home/op98/protein_design/dataset/PP/PP2/4c2a.ent.pdb,2,compnd
4c4k,/home/op98/protein_design/dataset/PP/PP2/4c4k.ent.pdb,2,compnd
4c4p,/home/op98/protein_design/dataset/PP/PP2/4c4p.ent.pdb,2,compnd
4c5g,/home/op98/protein_design/dataset/PP/PP2/4c5g.ent.pdb,2,compnd
4c7n,/home/op98/protein_design/dataset/PP/PP2/4c7n.ent.pdb,2,compnd
4c9b,/home/op98/protein_design/dataset/PP/PP2/4c9b.ent.pdb,2,compnd
4cj0,/home/op98/protein_design/dataset/PP/PP2/4cj0.ent.pdb,2,compnd
4cj1,/home/op98/protein_design/dataset/PP/PP2/4cj1.ent.pdb,2,compnd
4cmm,/home/op98/protein_design/dataset/PP/PP2/4cmm.ent.pdb,2,compnd
4ct0,/home/op98/protein_design/dataset/PP/PP2/4ct0.ent.pdb,2,compnd
4cu4,/home/op98/protein_design/dataset/PP/PP2/4cu4.ent.pdb,2,compnd
4d0g,/home/op98/protein_design/dataset/PP/PP2/4d0g.ent.pdb,2,compnd
4d0n,/home/op98/protein_design/dataset/PP/PP2/4d0n.ent.pdb,2,compnd
4dbg,/home/op98/protein_design/dataset/PP/PP2/4dbg.ent.pdb,2,compnd
4did,/home/op98/protein_design/dataset/PP/PP2/4did.ent.pdb,2,compnd
4dj9,/home/op98/protein_design/dataset/PP/PP2/4dj9.ent.pdb,2,compnd
4ds8,/home/op98/protein_design/dataset/PP/PP2/4ds8.ent.pdb,2,compnd
4dt1,/home/op98/protein_design/dataset/PP/PP2/4dt1.ent.pdb,2,compnd
4dxa,/home/op98/protein_design/dataset/PP/PP2/4dxa.ent.pdb,2,compnd
4dzv,/home/op98/protein_design/dataset/PP/PP2/4dzv.ent.pdb,2,compnd
4ehq,/home/op98/protein_design/dataset/PP/PP2/4ehq.ent.pdb,2,compnd
4eig,/home/op98/protein_design/dataset/PP/PP2/4eig.ent.pdb,2,compnd
4ekd,/home/op98/protein_design/dataset/PP/PP2/4ekd.ent.pdb,2,compnd
4etp,/home/op98/protein_design/dataset/PP/PP2/4etp.ent.pdb,2,compnd
4euk,/home/op98/protein_design/dataset/PP/PP2/4euk.ent.pdb,2,compnd
4exp,/home/op98/protein_design/dataset/PP/PP2/4exp.ent.pdb,2,compnd
4f0a,/home/op98/protein_design/dataset/PP/PP2/4f0a.ent.pdb,2,compnd
4f38,/home/op98/protein_design/dataset/PP/PP2/4f38.ent.pdb,2,compnd
4f48,/home/op98/protein_design/dataset/PP/PP2/4f48.ent.pdb,2,compnd
4fza,/home/op98/protein_design/dataset/PP/PP2/4fza.ent.pdb,2,compnd
4fzv,/home/op98/protein_design/dataset/PP/PP2/4fzv.ent.pdb,2,compnd
4g01,/home/op98/protein_design/dataset/PP/PP2/4g01.ent.pdb,2,compnd
4g35,/home/op98/protein_design/dataset/PP/PP2/4g35.ent.pdb,2,compnd
4g6u,/home/op98/protein_design/dataset/PP/PP2/4g6u.ent.pdb,2,compnd
4gaf,/home/op98/protein_design/dataset/PP/PP2/4gaf.ent.pdb,2,compnd
4gi3,/home/op98/protein_design/dataset/PP/PP2/4gi3.ent.pdb,2,compnd
4giq,/home/op98/protein_design/dataset/PP/PP2/4giq.ent.pdb,2,compnd
4gn4,/home/op98/protein_design/dataset/PP/PP2/4gn4.ent.pdb,2,compnd
4h5s,/home/op98/protein_design/dataset/PP/PP2/4h5s.ent.pdb,2,compnd
4h6j,/home/op98/protein_design/dataset/PP/PP2/4h6j.ent.pdb,2,compnd
4hcn,/home/op98/protein_design/dataset/PP/PP2/4hcn.ent.pdb,2,compnd
4hcp,/home/op98/protein_design/dataset/PP/PP2/4hcp.ent.pdb,2,compnd
4hdo,/home/op98/protein_design/dataset/PP/PP2/4hdo.ent.pdb,2,compnd
4hep,/home/op98/protein_design/dataset/PP/PP2/4hep.ent.pdb,2,compnd
4hff,/home/op98/protein_design/dataset/PP/PP2/4hff.ent.pdb,2,compnd
4hgm,/home/op98/protein_design/dataset/PP/PP2/4hgm.ent.pdb,2,compnd
4hrl,/home/op98/protein_design/dataset/PP/PP2/4hrl.ent.pdb,2,compnd
4i6l,/home/op98/protein_design/dataset/PP/PP2/4i6l.ent.pdb,2,compnd
4ika,/home/op98/protein_design/dataset/PP/PP2/4ika.ent.pdb,2,compnd
4iop,/home/op98/protein_design/dataset/PP/PP2/4iop.ent.pdb,2,compnd
4iu3,/home/op98/protein_design/dataset/PP/PP2/4iu3.ent.pdb,2,compnd
4iyp,/home/op98/protein_design/dataset/PP/PP2/4iyp.ent.pdb,2,compnd
4j2y,/home/op98/protein_design/dataset/PP/PP2/4j2y.ent.pdb,2,compnd
4j32,/home/op98/protein_design/dataset/PP/PP2/4j32.ent.pdb,2,compnd
4je4,/home/op98/protein_design/dataset/PP/PP2/4je4.ent.pdb,2,compnd
4jeg,/home/op98/protein_design/dataset/PP/PP2/4jeg.ent.pdb,2,compnd
4jeh,/home/op98/protein_design/dataset/PP/PP2/4jeh.ent.pdb,2,compnd
4jeu,/home/op98/protein_design/dataset/PP/PP2/4jeu.ent.pdb,2,compnd
4js0,/home/op98/protein_design/dataset/PP/PP2/4js0.ent.pdb,2,compnd
4jw2,/home/op98/protein_design/dataset/PP/PP2/4jw2.ent.pdb,2,compnd
4k0a,/home/op98/protein_design/dataset/PP/PP2/4k0a.ent.pdb,2,compnd
4k5a,/home/op98/protein_design/dataset/PP/PP2/4k5a.ent.pdb,2,compnd
4ka2,/home/op98/protein_design/dataset/PP/PP2/4ka2.ent.pdb,2,compnd
4kr0,/home/op98/protein_design/dataset/PP/PP2/4kr0.ent.pdb,2,compnd
4krl,/home/op98/protein_design/dataset/PP/PP2/4krl.ent.pdb,2,compnd
4ksd,/home/op98/protein_design/dataset/PP/PP2/4ksd.ent.pdb,2,compnd
4kt1,/home/op98/protein_design/dataset/PP/PP2/4kt1.ent.pdb,2,compnd
4kt3,/home/op98/protein_design/dataset/PP/PP2/4kt3.ent.pdb,2,compnd
4l0p,/home/op98/protein_design/dataset/PP/PP2/4l0p.ent.pdb,2,compnd
4l67,/home/op98/protein_design/dataset/PP/PP2/4l67.ent.pdb,2,compnd
4lad,/home/op98/protein_design/dataset/PP/PP2/4lad.ent.pdb,2,compnd
4lgr,/home/op98/protein_design/dataset/PP/PP2/4lgr.ent.pdb,2,compnd
4lzx,/home/op98/protein_design/dataset/PP/PP2/4lzx.ent.pdb,2,compnd
4m0w,/home/op98/protein_design/dataset/PP/PP2/4m0w.ent.pdb,2,compnd
4m1l,/home/op98/protein_design/dataset/PP/PP2/4m1l.ent.pdb,2,compnd
4m5f,/home/op98/protein_design/dataset/PP/PP2/4m5f.ent.pdb,2,compnd
4mrt,/home/op98/protein_design/dataset/PP/PP2/4mrt.ent.pdb,2,compnd
4n7z,/home/op98/protein_design/dataset/PP/PP2/4n7z.ent.pdb,2,compnd
4nm3,/home/op98/protein_design/dataset/PP/PP2/4nm3.ent.pdb,2,compnd
4nqw,/home/op98/protein_design/dataset/PP/PP2/4nqw.ent.pdb,2,compnd
4nso,/home/op98/protein_design/dataset/PP/PP2/4nso.ent.pdb,2,compnd
4nu1,/home/op98/protein_design/dataset/PP/PP2/4nu1.ent.pdb,2,compnd
4nzl,/home/op98/protein_design/dataset/PP/PP2/4nzl.ent.pdb,2,compnd
4nzw,/home/op98/protein_design/dataset/PP/PP2/4nzw.ent.pdb,2,compnd
4ol0,/home/op98/protein_design/dataset/PP/PP2/4ol0.ent.pdb,2,compnd
4p3y,/home/op98/protein_design/dataset/PP/PP2/4p3y.ent.pdb,2,compnd
4pas,/home/op98/protein_design/dataset/PP/PP2/4pas.ent.pdb,2,compnd
4pbz,/home/op98/protein_design/dataset/PP/PP2/4pbz.ent.pdb,2,compnd
4per,/home/op98/protein_design/dataset/PP/PP2/4per.ent.pdb,2,compnd
4plo,/home/op98/protein_design/dataset/PP/PP2/4plo.ent.pdb,2,compnd
4pou,/home/op98/protein_design/dataset/PP/PP2/4pou.ent.pdb,2,compnd
4pqt,/home/op98/protein_design/dataset/PP/PP2/4pqt.ent.pdb,2,compnd
4pw9,/home/op98/protein_design/dataset/PP/PP2/4pw9.ent.pdb,2,compnd
4q5u,/home/op98/protein_design/dataset/PP/PP2/4q5u.ent.pdb,2,compnd
4qlp,/home/op98/protein_design/dataset/PP/PP2/4qlp.ent.pdb,2,compnd
4qxa,/home/op98/protein_design/dataset/PP/PP2/4qxa.ent.pdb,2,compnd
4rey,/home/op98/protein_design/dataset/PP/PP2/4rey.ent.pdb,2,compnd
4rs1,/home/op98/protein_design/dataset/PP/PP2/4rs1.ent.pdb,2,compnd
4rt6,/home/op98/protein_design/dataset/PP/PP2/4rt6.ent.pdb,2,compnd
4rws,/home/op98/protein_design/dataset/PP/PP2/4rws.ent.pdb,2,compnd
4tq1,/home/op98/protein_design/dataset/PP/PP2/4tq1.ent.pdb,2,compnd
4u32,/home/op98/protein_design/dataset/PP/PP2/4u32.ent.pdb,2,compnd
4u4c,/home/op98/protein_design/dataset/PP/PP2/4u4c.ent.pdb,2,compnd
4udm,/home/op98/protein_design/dataset/PP/PP2/4udm.ent.pdb,2,compnd
4uem,/home/op98/protein_design/dataset/PP/PP2/4uem.ent.pdb,2,compnd
4uf1,/home/op98/protein_design/dataset/PP/PP2/4uf1.ent.pdb,2,compnd
4uyq,/home/op98/protein_design/dataset/PP/PP2/4uyq.ent.pdb,2,compnd
4w6w,/home/op98/protein_design/dataset/PP/PP2/4w6w.ent.pdb,2,compnd
4w6x,/home/op98/protein_design/dataset/PP/PP2/4w6x.ent.pdb,2,compnd
4w6y,/home/op98/protein_design/dataset/PP/PP2/4w6y.ent.pdb,2,compnd
4wem,/home/op98/protein_design/dataset/PP/PP2/4wem.ent.pdb,2,compnd
4wen,/home/op98/protein_design/dataset/PP/PP2/4wen.ent.pdb,2,compnd
4wnd,/home/op98/protein_design/dataset/PP/PP2/4wnd.ent.pdb,2,compnd
4x33,/home/op98/protein_design/dataset/PP/PP2/4x33.ent.pdb,2,compnd
4x7s,/home/op98/protein_design/dataset/PP/PP2/4x7s.ent.pdb,2,compnd
4xl5,/home/op98/protein_design/dataset/PP/PP2/4xl5.ent.pdb,2,compnd
4xwj,/home/op98/protein_design/dataset/PP/PP2/4xwj.ent.pdb,2,compnd
4xxb,/home/op98/protein_design/dataset/PP/PP2/4xxb.ent.pdb,2,compnd
4y5o,/home/op98/protein_design/dataset/PP/PP2/4y5o.ent.pdb,2,compnd
4y61,/home/op98/protein_design/dataset/PP/PP2/4y61.ent.pdb,2,compnd
4yc7,/home/op98/protein_design/dataset/PP/PP2/4yc7.ent.pdb,2,compnd
4yeb,/home/op98/protein_design/dataset/PP/PP2/4yeb.ent.pdb,2,compnd
4yh7,/home/op98/protein_design/dataset/PP/PP2/4yh7.ent.pdb,2,compnd
4yj4,/home/op98/protein_design/dataset/PP/PP2/4yj4.ent.pdb,2,compnd
4yl8,/home/op98/protein_design/dataset/PP/PP2/4yl8.ent.pdb,2,compnd
4yn0,/home/op98/protein_design/dataset/PP/PP2/4yn0.ent.pdb,2,compnd
4yoc,/home/op98/protein_design/dataset/PP/PP2/4yoc.ent.pdb,2,compnd
4yvq,/home/op98/protein_design/dataset/PP/PP2/4yvq.ent.pdb,2,compnd
4yyp,/home/op98/protein_design/dataset/PP/PP2/4yyp.ent.pdb,2,compnd
4z9k,/home/op98/protein_design/dataset/PP/PP2/4z9k.ent.pdb,2,compnd
4zgm,/home/op98/protein_design/dataset/PP/PP2/4zgm.ent.pdb,2,compnd
4zgq,/home/op98/protein_design/dataset/PP/PP2/4zgq.ent.pdb,2,compnd
4zgy,/home/op98/protein_design/dataset/PP/PP2/4zgy.ent.pdb,2,compnd
4zii,/home/op98/protein_design/dataset/PP/PP2/4zii.ent.pdb,2,compnd
4zk9,/home/op98/protein_design/dataset/PP/PP2/4zk9.ent.pdb,2,compnd
4zkc,/home/op98/protein_design/dataset/PP/PP2/4zkc.ent.pdb,2,compnd
4zqu,/home/op98/protein_design/dataset/PP/PP2/4zqu.ent.pdb,2,compnd
4zrj,/home/op98/protein_design/dataset/PP/PP2/4zrj.ent.pdb,2,compnd
5ajj,/home/op98/protein_design/dataset/PP/PP2/5ajj.ent.pdb,2,compnd
5b64,/home/op98/protein_design/dataset/PP/PP2/5b64.ent.pdb,2,compnd
5b75,/home/op98/protein_design/dataset/PP/PP2/5b75.ent.pdb,2,compnd
5b76,/home/op98/protein_design/dataset/PP/PP2/5b76.ent.pdb,2,compnd
5b77,/home/op98/protein_design/dataset/PP/PP2/5b77.ent.pdb,2,compnd
5b78,/home/op98/protein_design/dataset/PP/PP2/5b78.ent.pdb,2,compnd
5bn5,/home/op98/protein_design/dataset/PP/PP2/5bn5.ent.pdb,2,compnd
5bnq,/home/op98/protein_design/dataset/PP/PP2/5bnq.ent.pdb,2,compnd
5c3f,/home/op98/protein_design/dataset/PP/PP2/5c3f.ent.pdb,2,compnd
5cxb,/home/op98/protein_design/dataset/PP/PP2/5cxb.ent.pdb,2,compnd
5cyk,/home/op98/protein_design/dataset/PP/PP2/5cyk.ent.pdb,2,compnd
5d1k,/home/op98/protein_design/dataset/PP/PP2/5d1k.ent.pdb,2,compnd
5d1l,/home/op98/protein_design/dataset/PP/PP2/5d1l.ent.pdb,2,compnd
5d1m,/home/op98/protein_design/dataset/PP/PP2/5d1m.ent.pdb,2,compnd
5d3i,/home/op98/protein_design/dataset/PP/PP2/5d3i.ent.pdb,2,compnd
5dc4,/home/op98/protein_design/dataset/PP/PP2/5dc4.ent.pdb,2,compnd
5dfw,/home/op98/protein_design/dataset/PP/PP2/5dfw.ent.pdb,2,compnd
5djt,/home/op98/protein_design/dataset/PP/PP2/5djt.ent.pdb,2,compnd
5dob,/home/op98/protein_design/dataset/PP/PP2/5dob.ent.pdb,2,compnd
5e6p,/home/op98/protein_design/dataset/PP/PP2/5e6p.ent.pdb,2,compnd
5e95,/home/op98/protein_design/dataset/PP/PP2/5e95.ent.pdb,2,compnd
5ee5,/home/op98/protein_design/dataset/PP/PP2/5ee5.ent.pdb,2,compnd
5eg3,/home/op98/protein_design/dataset/PP/PP2/5eg3.ent.pdb,2,compnd
5elu,/home/op98/protein_design/dataset/PP/PP2/5elu.ent.pdb,2,compnd
5eo9,/home/op98/protein_design/dataset/PP/PP2/5eo9.ent.pdb,2,compnd
5eql,/home/op98/protein_design/dataset/PP/PP2/5eql.ent.pdb,2,compnd
5f4e,/home/op98/protein_design/dataset/PP/PP2/5f4e.ent.pdb,2,compnd
5f5s,/home/op98/protein_design/dataset/PP/PP2/5f5s.ent.pdb,2,compnd
5fr1,/home/op98/protein_design/dataset/PP/PP2/5fr1.ent.pdb,2,compnd
5fr2,/home/op98/protein_design/dataset/PP/PP2/5fr2.ent.pdb,2,compnd
5fzt,/home/op98/protein_design/dataset/PP/PP2/5fzt.ent.pdb,2,compnd
5g15,/home/op98/protein_design/dataset/PP/PP2/5g15.ent.pdb,2,compnd
5g1x,/home/op98/protein_design/dataset/PP/PP2/5g1x.ent.pdb,2,compnd
5gjk,/home/op98/protein_design/dataset/PP/PP2/5gjk.ent.pdb,2,compnd
5glh,/home/op98/protein_design/dataset/PP/PP2/5glh.ent.pdb,2,compnd
5gpg,/home/op98/protein_design/dataset/PP/PP2/5gpg.ent.pdb,2,compnd
5gtb,/home/op98/protein_design/dataset/PP/PP2/5gtb.ent.pdb,2,compnd
5h7y,/home/op98/protein_design/dataset/PP/PP2/5h7y.ent.pdb,2,compnd
5hpk,/home/op98/protein_design/dataset/PP/PP2/5hpk.ent.pdb,2,compnd
5hps,/home/op98/protein_design/dataset/PP/PP2/5hps.ent.pdb,2,compnd
5hu3,/home/op98/protein_design/dataset/PP/PP2/5hu3.ent.pdb,2,compnd
5hvf,/home/op98/protein_design/dataset/PP/PP2/5hvf.ent.pdb,2,compnd
5ij0,/home/op98/protein_design/dataset/PP/PP2/5ij0.ent.pdb,2,compnd
5ij9,/home/op98/protein_design/dataset/PP/PP2/5ij9.ent.pdb,2,compnd
5imk,/home/op98/protein_design/dataset/PP/PP2/5imk.ent.pdb,2,compnd
5imm,/home/op98/protein_design/dataset/PP/PP2/5imm.ent.pdb,2,compnd
5imt,/home/op98/protein_design/dataset/PP/PP2/5imt.ent.pdb,2,compnd
5inb,/home/op98/protein_design/dataset/PP/PP2/5inb.ent.pdb,2,compnd
5ixd,/home/op98/protein_design/dataset/PP/PP2/5ixd.ent.pdb,2,compnd
5j56,/home/op98/protein_design/dataset/PP/PP2/5j56.ent.pdb,2,compnd
5j57,/home/op98/protein_design/dataset/PP/PP2/5j57.ent.pdb,2,compnd
5j8h,/home/op98/protein_design/dataset/PP/PP2/5j8h.ent.pdb,2,compnd
5jds,/home/op98/protein_design/dataset/PP/PP2/5jds.ent.pdb,2,compnd
5jjd,/home/op98/protein_design/dataset/PP/PP2/5jjd.ent.pdb,2,compnd
5jw7,/home/op98/protein_design/dataset/PP/PP2/5jw7.ent.pdb,2,compnd
5jw9,/home/op98/protein_design/dataset/PP/PP2/5jw9.ent.pdb,2,compnd
5k22,/home/op98/protein_design/dataset/PP/PP2/5k22.ent.pdb,2,compnd
5k8q,/home/op98/protein_design/dataset/PP/PP2/5k8q.ent.pdb,2,compnd
5kve,/home/op98/protein_design/dataset/PP/PP2/5kve.ent.pdb,2,compnd
5kxh,/home/op98/protein_design/dataset/PP/PP2/5kxh.ent.pdb,2,compnd
5ky0,/home/op98/protein_design/dataset/PP/PP2/5ky0.ent.pdb,2,compnd
5ky4,/home/op98/protein_design/dataset/PP/PP2/5ky4.ent.pdb,2,compnd
5ky5,/home/op98/protein_design/dataset/PP/PP2/5ky5.ent.pdb,2,compnd
5ky9,/home/op98/protein_design/dataset/PP/PP2/5ky9.ent.pdb,2,compnd
5l21,/home/op98/protein_design/dataset/PP/PP2/5l21.ent.pdb,2,compnd
5l8j,/home/op98/protein_design/dataset/PP/PP2/5l8j.ent.pdb,2,compnd
5lhn,/home/op98/protein_design/dataset/PP/PP2/5lhn.ent.pdb,2,compnd
5li1,/home/op98/protein_design/dataset/PP/PP2/5li1.ent.pdb,2,compnd
5lxm,/home/op98/protein_design/dataset/PP/PP2/5lxm.ent.pdb,2,compnd
5lz3,/home/op98/protein_design/dataset/PP/PP2/5lz3.ent.pdb,2,compnd
5lz6,/home/op98/protein_design/dataset/PP/PP2/5lz6.ent.pdb,2,compnd
5m2j,/home/op98/protein_design/dataset/PP/PP2/5m2j.ent.pdb,2,compnd
5m72,/home/op98/protein_design/dataset/PP/PP2/5m72.ent.pdb,2,compnd
5ma3,/home/op98/protein_design/dataset/PP/PP2/5ma3.ent.pdb,2,compnd
5ma4,/home/op98/protein_design/dataset/PP/PP2/5ma4.ent.pdb,2,compnd
5ma6,/home/op98/protein_design/dataset/PP/PP2/5ma6.ent.pdb,2,compnd
5me5,/home/op98/protein_design/dataset/PP/PP2/5me5.ent.pdb,2,compnd
5ml9,/home/op98/protein_design/dataset/PP/PP2/5ml9.ent.pdb,2,compnd
5mtj,/home/op98/protein_design/dataset/PP/PP2/5mtj.ent.pdb,2,compnd
5mtm,/home/op98/protein_design/dataset/PP/PP2/5mtm.ent.pdb,2,compnd
5mtn,/home/op98/protein_design/dataset/PP/PP2/5mtn.ent.pdb,2,compnd
5mv8,/home/op98/protein_design/dataset/PP/PP2/5mv8.ent.pdb,2,compnd
5mv9,/home/op98/protein_design/dataset/PP/PP2/5mv9.ent.pdb,2,compnd
5my6,/home/op98/protein_design/dataset/PP/PP2/5my6.ent.pdb,2,compnd
5npo,/home/op98/protein_design/dataset/PP/PP2/5npo.ent.pdb,2,compnd
5nqf,/home/op98/protein_design/dataset/PP/PP2/5nqf.ent.pdb,2,compnd
5nqg,/home/op98/protein_design/dataset/PP/PP2/5nqg.ent.pdb,2,compnd
5nus,/home/op98/protein_design/dataset/PP/PP2/5nus.ent.pdb,2,compnd
5nwm,/home/op98/protein_design/dataset/PP/PP2/5nwm.ent.pdb,2,compnd
5o2t,/home/op98/protein_design/dataset/PP/PP2/5o2t.ent.pdb,2,compnd
5o90,/home/op98/protein_design/dataset/PP/PP2/5o90.ent.pdb,2,compnd
5oaq,/home/op98/protein_design/dataset/PP/PP2/5oaq.ent.pdb,2,compnd
5oen,/home/op98/protein_design/dataset/PP/PP2/5oen.ent.pdb,2,compnd
5omn,/home/op98/protein_design/dataset/PP/PP2/5omn.ent.pdb,2,compnd
5oy9,/home/op98/protein_design/dataset/PP/PP2/5oy9.ent.pdb,2,compnd
5oyl,/home/op98/protein_design/dataset/PP/PP2/5oyl.ent.pdb,2,compnd
5szi,/home/op98/protein_design/dataset/PP/PP2/5szi.ent.pdb,2,compnd
5szj,/home/op98/protein_design/dataset/PP/PP2/5szj.ent.pdb,2,compnd
5szk,/home/op98/protein_design/dataset/PP/PP2/5szk.ent.pdb,2,compnd
5t0f,/home/op98/protein_design/dataset/PP/PP2/5t0f.ent.pdb,2,compnd
5tar,/home/op98/protein_design/dataset/PP/PP2/5tar.ent.pdb,2,compnd
5tp6,/home/op98/protein_design/dataset/PP/PP2/5tp6.ent.pdb,2,compnd
5tvq,/home/op98/protein_design/dataset/PP/PP2/5tvq.ent.pdb,2,compnd
5tzp,/home/op98/protein_design/dataset/PP/PP2/5tzp.ent.pdb,2,compnd
5u4k,/home/op98/protein_design/dataset/PP/PP2/5u4k.ent.pdb,2,compnd
5u4m,/home/op98/protein_design/dataset/PP/PP2/5u4m.ent.pdb,2,compnd
5ua4,/home/op98/protein_design/dataset/PP/PP2/5ua4.ent.pdb,2,compnd
5ufe,/home/op98/protein_design/dataset/PP/PP2/5ufe.ent.pdb,2,compnd
5uk5,/home/op98/protein_design/dataset/PP/PP2/5uk5.ent.pdb,2,compnd
5un7,/home/op98/protein_design/dataset/PP/PP2/5un7.ent.pdb,2,compnd
5uul,/home/op98/protein_design/dataset/PP/PP2/5uul.ent.pdb,2,compnd
5uwc,/home/op98/protein_design/dataset/PP/PP2/5uwc.ent.pdb,2,compnd
5uzu,/home/op98/protein_design/dataset/PP/PP2/5uzu.ent.pdb,2,compnd
5v5h,/home/op98/protein_design/dataset/PP/PP2/5v5h.ent.pdb,2,compnd
5v62,/home/op98/protein_design/dataset/PP/PP2/5v62.ent.pdb,2,compnd
5v69,/home/op98/protein_design/dataset/PP/PP2/5v69.ent.pdb,2,compnd
5v6a,/home/op98/protein_design/dataset/PP/PP2/5v6a.ent.pdb,2,compnd
5vkl,/home/op98/protein_design/dataset/PP/PP2/5vkl.ent.pdb,2,compnd
5vko,/home/op98/protein_design/dataset/PP/PP2/5vko.ent.pdb,2,compnd
5vmo,/home/op98/protein_design/dataset/PP/PP2/5vmo.ent.pdb,2,compnd
5vwy,/home/op98/protein_design/dataset/PP/PP2/5vwy.ent.pdb,2,compnd
5vz4,/home/op98/protein_design/dataset/PP/PP2/5vz4.ent.pdb,2,compnd
5vzm,/home/op98/protein_design/dataset/PP/PP2/5vzm.ent.pdb,2,compnd
5w89,/home/op98/protein_design/dataset/PP/PP2/5w89.ent.pdb,2,compnd
5wgg,/home/op98/protein_design/dataset/PP/PP2/5wgg.ent.pdb,2,compnd
5wos,/home/op98/protein_design/dataset/PP/PP2/5wos.ent.pdb,2,compnd
5wpa,/home/op98/protein_design/dataset/PP/PP2/5wpa.ent.pdb,2,compnd
5wrv,/home/op98/protein_design/dataset/PP/PP2/5wrv.ent.pdb,2,compnd
5wuj,/home/op98/protein_design/dataset/PP/PP2/5wuj.ent.pdb,2,compnd
5xbf,/home/op98/protein_design/dataset/PP/PP2/5xbf.ent.pdb,2,compnd
5xco,/home/op98/protein_design/dataset/PP/PP2/5xco.ent.pdb,2,compnd
5xeq,/home/op98/protein_design/dataset/PP/PP2/5xeq.ent.pdb,2,compnd
5xiu,/home/op98/protein_design/dataset/PP/PP2/5xiu.ent.pdb,2,compnd
5xln,/home/op98/protein_design/dataset/PP/PP2/5xln.ent.pdb,2,compnd
5xoc,/home/op98/protein_design/dataset/PP/PP2/5xoc.ent.pdb,2,compnd
5xod,/home/op98/protein_design/dataset/PP/PP2/5xod.ent.pdb,2,compnd
5xv8,/home/op98/protein_design/dataset/PP/PP2/5xv8.ent.pdb,2,compnd
5yi8,/home/op98/protein_design/dataset/PP/PP2/5yi8.ent.pdb,2,compnd
5yip,/home/op98/protein_design/dataset/PP/PP2/5yip.ent.pdb,2,compnd
5yqz,/home/op98/protein_design/dataset/PP/PP2/5yqz.ent.pdb,2,compnd
5yr0,/home/op98/protein_design/dataset/PP/PP2/5yr0.ent.pdb,2,compnd
5ywr,/home/op98/protein_design/dataset/PP/PP2/5ywr.ent.pdb,2,compnd
5z2w,/home/op98/protein_design/dataset/PP/PP2/5z2w.ent.pdb,2,compnd
5zau,/home/op98/protein_design/dataset/PP/PP2/5zau.ent.pdb,2,compnd
6aaf,/home/op98/protein_design/dataset/PP/PP2/6aaf.ent.pdb,2,compnd
6akm,/home/op98/protein_design/dataset/PP/PP2/6akm.ent.pdb,2,compnd
6amb,/home/op98/protein_design/dataset/PP/PP2/6amb.ent.pdb,2,compnd
6arq,/home/op98/protein_design/dataset/PP/PP2/6arq.ent.pdb,2,compnd
6aw2,/home/op98/protein_design/dataset/PP/PP2/6aw2.ent.pdb,2,compnd
6azp,/home/op98/protein_design/dataset/PP/PP2/6azp.ent.pdb,2,compnd
6ba6,/home/op98/protein_design/dataset/PP/PP2/6ba6.ent.pdb,2,compnd
6bmt,/home/op98/protein_design/dataset/PP/PP2/6bmt.ent.pdb,2,compnd
6bw9,/home/op98/protein_design/dataset/PP/PP2/6bw9.ent.pdb,2,compnd
6cbp,/home/op98/protein_design/dataset/PP/PP2/6cbp.ent.pdb,2,compnd
6ch3,/home/op98/protein_design/dataset/PP/PP2/6ch3.ent.pdb,2,compnd
6d13,/home/op98/protein_design/dataset/PP/PP2/6d13.ent.pdb,2,compnd
6d4p,/home/op98/protein_design/dataset/PP/PP2/6d4p.ent.pdb,2,compnd
6dgf,/home/op98/protein_design/dataset/PP/PP2/6dgf.ent.pdb,2,compnd
6dsl,/home/op98/protein_design/dataset/PP/PP2/6dsl.ent.pdb,2,compnd
6e3i,/home/op98/protein_design/dataset/PP/PP2/6e3i.ent.pdb,2,compnd
6e3j,/home/op98/protein_design/dataset/PP/PP2/6e3j.ent.pdb,2,compnd
6eg0,/home/op98/protein_design/dataset/PP/PP2/6eg0.ent.pdb,2,compnd
6er6,/home/op98/protein_design/dataset/PP/PP2/6er6.ent.pdb,2,compnd
6f0f,/home/op98/protein_design/dataset/PP/PP2/6f0f.ent.pdb,2,compnd
6f2g,/home/op98/protein_design/dataset/PP/PP2/6f2g.ent.pdb,2,compnd
6f9s,/home/op98/protein_design/dataset/PP/PP2/6f9s.ent.pdb,2,compnd
6fbx,/home/op98/protein_design/dataset/PP/PP2/6fbx.ent.pdb,2,compnd
6fc3,/home/op98/protein_design/dataset/PP/PP2/6fc3.ent.pdb,2,compnd
6ff3,/home/op98/protein_design/dataset/PP/PP2/6ff3.ent.pdb,2,compnd
6fg8,/home/op98/protein_design/dataset/PP/PP2/6fg8.ent.pdb,2,compnd
6fp7,/home/op98/protein_design/dataset/PP/PP2/6fp7.ent.pdb,2,compnd
6fub,/home/op98/protein_design/dataset/PP/PP2/6fub.ent.pdb,2,compnd
6fud,/home/op98/protein_design/dataset/PP/PP2/6fud.ent.pdb,2,compnd
6fuz,/home/op98/protein_design/dataset/PP/PP2/6fuz.ent.pdb,2,compnd
6fv0,/home/op98/protein_design/dataset/PP/PP2/6fv0.ent.pdb,2,compnd
6g04,/home/op98/protein_design/dataset/PP/PP2/6g04.ent.pdb,2,compnd
6gbg,/home/op98/protein_design/dataset/PP/PP2/6gbg.ent.pdb,2,compnd
6gd5,/home/op98/protein_design/dataset/PP/PP2/6gd5.ent.pdb,2,compnd
6gho,/home/op98/protein_design/dataset/PP/PP2/6gho.ent.pdb,2,compnd
6gum,/home/op98/protein_design/dataset/PP/PP2/6gum.ent.pdb,2,compnd
6gvk,/home/op98/protein_design/dataset/PP/PP2/6gvk.ent.pdb,2,compnd
6gvl,/home/op98/protein_design/dataset/PP/PP2/6gvl.ent.pdb,2,compnd
6h16,/home/op98/protein_design/dataset/PP/PP2/6h16.ent.pdb,2,compnd
6h46,/home/op98/protein_design/dataset/PP/PP2/6h46.ent.pdb,2,compnd
6h47,/home/op98/protein_design/dataset/PP/PP2/6h47.ent.pdb,2,compnd
6h9n,/home/op98/protein_design/dataset/PP/PP2/6h9n.ent.pdb,2,compnd
6har,/home/op98/protein_design/dataset/PP/PP2/6har.ent.pdb,2,compnd
6her,/home/op98/protein_design/dataset/PP/PP2/6her.ent.pdb,2,compnd
6hul,/home/op98/protein_design/dataset/PP/PP2/6hul.ent.pdb,2,compnd
6i2m,/home/op98/protein_design/dataset/PP/PP2/6i2m.ent.pdb,2,compnd
6i3f,/home/op98/protein_design/dataset/PP/PP2/6i3f.ent.pdb,2,compnd
6idx,/home/op98/protein_design/dataset/PP/PP2/6idx.ent.pdb,2,compnd
6ihb,/home/op98/protein_design/dataset/PP/PP2/6ihb.ent.pdb,2,compnd
6im9,/home/op98/protein_design/dataset/PP/PP2/6im9.ent.pdb,2,compnd
6imf,/home/op98/protein_design/dataset/PP/PP2/6imf.ent.pdb,2,compnd
6ird,/home/op98/protein_design/dataset/PP/PP2/6ird.ent.pdb,2,compnd
6ire,/home/op98/protein_design/dataset/PP/PP2/6ire.ent.pdb,2,compnd
6isc,/home/op98/protein_design/dataset/PP/PP2/6isc.ent.pdb,2,compnd
6iu7,/home/op98/protein_design/dataset/PP/PP2/6iu7.ent.pdb,2,compnd
6iua,/home/op98/protein_design/dataset/PP/PP2/6iua.ent.pdb,2,compnd
6ivu,/home/op98/protein_design/dataset/PP/PP2/6ivu.ent.pdb,2,compnd
6iw8,/home/op98/protein_design/dataset/PP/PP2/6iw8.ent.pdb,2,compnd
6iwa,/home/op98/protein_design/dataset/PP/PP2/6iwa.ent.pdb,2,compnd
6iwd,/home/op98/protein_design/dataset/PP/PP2/6iwd.ent.pdb,2,compnd
6j4o,/home/op98/protein_design/dataset/PP/PP2/6j4o.ent.pdb,2,compnd
6j4s,/home/op98/protein_design/dataset/PP/PP2/6j4s.ent.pdb,2,compnd
6jb2,/home/op98/protein_design/dataset/PP/PP2/6jb2.ent.pdb,2,compnd
6jb8,/home/op98/protein_design/dataset/PP/PP2/6jb8.ent.pdb,2,compnd
6jcs,/home/op98/protein_design/dataset/PP/PP2/6jcs.ent.pdb,2,compnd
6jjw,/home/op98/protein_design/dataset/PP/PP2/6jjw.ent.pdb,2,compnd
6jwj,/home/op98/protein_design/dataset/PP/PP2/6jwj.ent.pdb,2,compnd
6k06,/home/op98/protein_design/dataset/PP/PP2/6k06.ent.pdb,2,compnd
6kbm,/home/op98/protein_design/dataset/PP/PP2/6kbm.ent.pdb,2,compnd
6kbr,/home/op98/protein_design/dataset/PP/PP2/6kbr.ent.pdb,2,compnd
6m7l,/home/op98/protein_design/dataset/PP/PP2/6m7l.ent.pdb,2,compnd
6mav,/home/op98/protein_design/dataset/PP/PP2/6mav.ent.pdb,2,compnd
6mba,/home/op98/protein_design/dataset/PP/PP2/6mba.ent.pdb,2,compnd
6mc9,/home/op98/protein_design/dataset/PP/PP2/6mc9.ent.pdb,2,compnd
6mud,/home/op98/protein_design/dataset/PP/PP2/6mud.ent.pdb,2,compnd
6n85,/home/op98/protein_design/dataset/PP/PP2/6n85.ent.pdb,2,compnd
6n9d,/home/op98/protein_design/dataset/PP/PP2/6n9d.ent.pdb,2,compnd
6ne1,/home/op98/protein_design/dataset/PP/PP2/6ne1.ent.pdb,2,compnd
6ne2,/home/op98/protein_design/dataset/PP/PP2/6ne2.ent.pdb,2,compnd
6ne4,/home/op98/protein_design/dataset/PP/PP2/6ne4.ent.pdb,2,compnd
6on9,/home/op98/protein_design/dataset/PP/PP2/6on9.ent.pdb,2,compnd
6oqj,/home/op98/protein_design/dataset/PP/PP2/6oqj.ent.pdb,2,compnd
6oqk,/home/op98/protein_design/dataset/PP/PP2/6oqk.ent.pdb,2,compnd
6osw,/home/op98/protein_design/dataset/PP/PP2/6osw.ent.pdb,2,compnd
6ov2,/home/op98/protein_design/dataset/PP/PP2/6ov2.ent.pdb,2,compnd
6pnp,/home/op98/protein_design/dataset/PP/PP2/6pnp.ent.pdb,2,compnd
6pnq,/home/op98/protein_design/dataset/PP/PP2/6pnq.ent.pdb,2,compnd
6qb3,/home/op98/protein_design/dataset/PP/PP2/6qb3.ent.pdb,2,compnd
6r2g,/home/op98/protein_design/dataset/PP/PP2/6r2g.ent.pdb,2,compnd
6umt,/home/op98/protein_design/dataset/PP/PP2/6umt.ent.pdb,2,compnd
1avz,/home/op98/protein_design/dataset/PP/PP2/1avz.ent.pdb,3,compnd
1cn4,/home/op98/protein_design/dataset/PP/PP2/1cn4.ent.pdb,3,compnd
1e4k,/home/op98/protein_design/dataset/PP/PP2/1e4k.ent.pdb,3,compnd
1eer,/home/op98/protein_design/dataset/PP/PP2/1eer.ent.pdb,3,compnd
1ewy,/home/op98/protein_design/dataset/PP/PP2/1ewy.ent.pdb,3,compnd
1gcq,/home/op98/protein_design/dataset/PP/PP2/1gcq.ent.pdb,3,compnd
1i4d,/home/op98/protein_design/dataset/PP/PP2/1i4d.ent.pdb,3,compnd
1nm5,/home/op98/protein_design/dataset/PP/PP2/1nm5.ent.pdb,3,compnd
1nvu,/home/op98/protein_design/dataset/PP/PP2/1nvu.ent.pdb,3,compnd
1oyv,/home/op98/protein_design/dataset/PP/PP2/1oyv.ent.pdb,3,compnd
1sg1,/home/op98/protein_design/dataset/PP/PP2/1sg1.ent.pdb,3,compnd
1u7f,/home/op98/protein_design/dataset/PP/PP2/1u7f.ent.pdb,3,compnd
1u7v,/home/op98/protein_design/dataset/PP/PP2/1u7v.ent.pdb,3,compnd
1vsq,/home/op98/protein_design/dataset/PP/PP2/1vsq.ent.pdb,3,compnd
1yk0,/home/op98/protein_design/dataset/PP/PP2/1yk0.ent.pdb,3,compnd
1yk1,/home/op98/protein_design/dataset/PP/PP2/1yk1.ent.pdb,3,compnd
1zmy,/home/op98/protein_design/dataset/PP/PP2/1zmy.ent.pdb,3,compnd
2cjs,/home/op98/protein_design/dataset/PP/PP2/2cjs.ent.pdb,3,compnd
2ibf,/home/op98/protein_design/dataset/PP/PP2/2ibf.ent.pdb,3,compnd
2jzn,/home/op98/protein_design/dataset/PP/PP2/2jzn.ent.pdb,3,compnd
2kde,/home/op98/protein_design/dataset/PP/PP2/2kde.ent.pdb,3,compnd
2kyg,/home/op98/protein_design/dataset/PP/PP2/2kyg.ent.pdb,3,compnd
2lnk,/home/op98/protein_design/dataset/PP/PP2/2lnk.ent.pdb,3,compnd
2lvp,/home/op98/protein_design/dataset/PP/PP2/2lvp.ent.pdb,3,compnd
2lvq,/home/op98/protein_design/dataset/PP/PP2/2lvq.ent.pdb,3,compnd
2odg,/home/op98/protein_design/dataset/PP/PP2/2odg.ent.pdb,3,compnd
2oor,/home/op98/protein_design/dataset/PP/PP2/2oor.ent.pdb,3,compnd
2otk,/home/op98/protein_design/dataset/PP/PP2/2otk.ent.pdb,3,compnd
2pcb,/home/op98/protein_design/dataset/PP/PP2/2pcb.ent.pdb,3,compnd
2phe,/home/op98/protein_design/dataset/PP/PP2/2phe.ent.pdb,3,compnd
2xqw,/home/op98/protein_design/dataset/PP/PP2/2xqw.ent.pdb,3,compnd
2yvj,/home/op98/protein_design/dataset/PP/PP2/2yvj.ent.pdb,3,compnd
3ay4,/home/op98/protein_design/dataset/PP/PP2/3ay4.ent.pdb,3,compnd
3bik,/home/op98/protein_design/dataset/PP/PP2/3bik.ent.pdb,3,compnd
3ech,/home/op98/protein_design/dataset/PP/PP2/3ech.ent.pdb,3,compnd
3eiq,/home/op98/protein_design/dataset/PP/PP2/3eiq.ent.pdb,3,compnd
3ejj,/home/op98/protein_design/dataset/PP/PP2/3ejj.ent.pdb,3,compnd
3ew3,/home/op98/protein_design/dataset/PP/PP2/3ew3.ent.pdb,3,compnd
3f5c,/home/op98/protein_design/dataset/PP/PP2/3f5c.ent.pdb,3,compnd
3fsh,/home/op98/protein_design/dataset/PP/PP2/3fsh.ent.pdb,3,compnd
3ho5,/home/op98/protein_design/dataset/PP/PP2/3ho5.ent.pdb,3,compnd
3hpw,/home/op98/protein_design/dataset/PP/PP2/3hpw.ent.pdb,3,compnd
3im4,/home/op98/protein_design/dataset/PP/PP2/3im4.ent.pdb,3,compnd
3jvf,/home/op98/protein_design/dataset/PP/PP2/3jvf.ent.pdb,3,compnd
3mhp,/home/op98/protein_design/dataset/PP/PP2/3mhp.ent.pdb,3,compnd
3npz,/home/op98/protein_design/dataset/PP/PP2/3npz.ent.pdb,3,compnd
3onl,/home/op98/protein_design/dataset/PP/PP2/3onl.ent.pdb,3,compnd
3owt,/home/op98/protein_design/dataset/PP/PP2/3owt.ent.pdb,3,compnd
3ry6,/home/op98/protein_design/dataset/PP/PP2/3ry6.ent.pdb,3,compnd
3s2k,/home/op98/protein_design/dataset/PP/PP2/3s2k.ent.pdb,3,compnd
3s8v,/home/op98/protein_design/dataset/PP/PP2/3s8v.ent.pdb,3,compnd
3sgk,/home/op98/protein_design/dataset/PP/PP2/3sgk.ent.pdb,3,compnd
3t1q,/home/op98/protein_design/dataset/PP/PP2/3t1q.ent.pdb,3,compnd
3zwh,/home/op98/protein_design/dataset/PP/PP2/3zwh.ent.pdb,3,compnd
4asw,/home/op98/protein_design/dataset/PP/PP2/4asw.ent.pdb,3,compnd
4ayi,/home/op98/protein_design/dataset/PP/PP2/4ayi.ent.pdb,3,compnd
4bxl,/home/op98/protein_design/dataset/PP/PP2/4bxl.ent.pdb,3,compnd
4dkd,/home/op98/protein_design/dataset/PP/PP2/4dkd.ent.pdb,3,compnd
4hh3,/home/op98/protein_design/dataset/PP/PP2/4hh3.ent.pdb,3,compnd
4hnj,/home/op98/protein_design/dataset/PP/PP2/4hnj.ent.pdb,3,compnd
4ihl,/home/op98/protein_design/dataset/PP/PP2/4ihl.ent.pdb,3,compnd
4jmf,/home/op98/protein_design/dataset/PP/PP2/4jmf.ent.pdb,3,compnd
4kt5,/home/op98/protein_design/dataset/PP/PP2/4kt5.ent.pdb,3,compnd
4ln0,/home/op98/protein_design/dataset/PP/PP2/4ln0.ent.pdb,3,compnd
4lxr,/home/op98/protein_design/dataset/PP/PP2/4lxr.ent.pdb,3,compnd
4n7v,/home/op98/protein_design/dataset/PP/PP2/4n7v.ent.pdb,3,compnd
4pl8,/home/op98/protein_design/dataset/PP/PP2/4pl8.ent.pdb,3,compnd
4ui0,/home/op98/protein_design/dataset/PP/PP2/4ui0.ent.pdb,3,compnd
4w4o,/home/op98/protein_design/dataset/PP/PP2/4w4o.ent.pdb,3,compnd
5a6w,/home/op98/protein_design/dataset/PP/PP2/5a6w.ent.pdb,3,compnd
5bw7,/home/op98/protein_design/dataset/PP/PP2/5bw7.ent.pdb,3,compnd
5d3f,/home/op98/protein_design/dataset/PP/PP2/5d3f.ent.pdb,3,compnd
5fw5,/home/op98/protein_design/dataset/PP/PP2/5fw5.ent.pdb,3,compnd
5h07,/home/op98/protein_design/dataset/PP/PP2/5h07.ent.pdb,3,compnd
5hyc,/home/op98/protein_design/dataset/PP/PP2/5hyc.ent.pdb,3,compnd
5ibw,/home/op98/protein_design/dataset/PP/PP2/5ibw.ent.pdb,3,compnd
5mrv,/home/op98/protein_design/dataset/PP/PP2/5mrv.ent.pdb,3,compnd
5ohp,/home/op98/protein_design/dataset/PP/PP2/5ohp.ent.pdb,3,compnd
5omm,/home/op98/protein_design/dataset/PP/PP2/5omm.ent.pdb,3,compnd
5vu0,/home/op98/protein_design/dataset/PP/PP2/5vu0.ent.pdb,3,compnd
5yc5,/home/op98/protein_design/dataset/PP/PP2/5yc5.ent.pdb,3,compnd
5ydr,/home/op98/protein_design/dataset/PP/PP2/5ydr.ent.pdb,3,compnd
5z78,/home/op98/protein_design/dataset/PP/PP2/5z78.ent.pdb,3,compnd
5zo2,/home/op98/protein_design/dataset/PP/PP2/5zo2.ent.pdb,3,compnd
6asr,/home/op98/protein_design/dataset/PP/PP2/6asr.ent.pdb,3,compnd
6b05,/home/op98/protein_design/dataset/PP/PP2/6b05.ent.pdb,3,compnd
6fto,/home/op98/protein_design/dataset/PP/PP2/6fto.ent.pdb,3,compnd
6g10,/home/op98/protein_design/dataset/PP/PP2/6g10.ent.pdb,3,compnd
6ib8,/home/op98/protein_design/dataset/PP/PP2/6ib8.ent.pdb,3,compnd
6j9l,/home/op98/protein_design/dataset/PP/PP2/6j9l.ent.pdb,3,compnd
6jdj,/home/op98/protein_design/dataset/PP/PP2/6jdj.ent.pdb,3,compnd
6mun,/home/op98/protein_design/dataset/PP/PP2/6mun.ent.pdb,3,compnd
6og4,/home/op98/protein_design/dataset/PP/PP2/6og4.ent.pdb,3,compnd
1ak4,/home/op98/protein_design/dataset/PP/PP2/1ak4.ent.fixed.pdb,4,compnd
1azz,/home/op98/protein_design/dataset/PP/PP2/1azz.ent.pdb,4,compnd
1cmx,/home/op98/protein_design/dataset/PP/PP2/1cmx.ent.pdb,4,compnd
1dzb,/home/op98/protein_design/dataset/PP/PP2/1dzb.ent.pdb,4,compnd
1e3u,/home/op98/protein_design/dataset/PP/PP2/1e3u.ent.pdb,4,compnd
1e6e,/home/op98/protein_design/dataset/PP/PP2/1e6e.ent.pdb,4,compnd
1eaw,/home/op98/protein_design/dataset/PP/PP2/1eaw.ent.pdb,4,compnd
1efn,/home/op98/protein_design/dataset/PP/PP2/1efn.ent.pdb,4,compnd
1ezs,/home/op98/protein_design/dataset/PP/PP2/1ezs.ent.pdb,4,compnd
1ezu,/home/op98/protein_design/dataset/PP/PP2/1ezu.ent.pdb,4,compnd
1ffw,/home/op98/protein_design/dataset/PP/PP2/1ffw.ent.pdb,4,compnd
1flt,/home/op98/protein_design/dataset/PP/PP2/1flt.ent.pdb,4,compnd
1gng,/home/op98/protein_design/dataset/PP/PP2/1gng.ent.pdb,4,compnd
1gxd,/home/op98/protein_design/dataset/PP/PP2/1gxd.ent.pdb,4,compnd
1hcf,/home/op98/protein_design/dataset/PP/PP2/1hcf.ent.pdb,4,compnd
1i2m,/home/op98/protein_design/dataset/PP/PP2/1i2m.ent.pdb,4,compnd
1i5k,/home/op98/protein_design/dataset/PP/PP2/1i5k.ent.pdb,4,compnd
1i8l,/home/op98/protein_design/dataset/PP/PP2/1i8l.ent.pdb,4,compnd
1ibr,/home/op98/protein_design/dataset/PP/PP2/1ibr.ent.pdb,4,compnd
1jtg,/home/op98/protein_design/dataset/PP/PP2/1jtg.ent.pdb,4,compnd
1jwh,/home/op98/protein_design/dataset/PP/PP2/1jwh.ent.pdb,4,compnd
1kxv,/home/op98/protein_design/dataset/PP/PP2/1kxv.ent.pdb,4,compnd
1l0x,/home/op98/protein_design/dataset/PP/PP2/1l0x.ent.pdb,4,compnd
1lfd,/home/op98/protein_design/dataset/PP/PP2/1lfd.ent.pdb,4,compnd
1lj2,/home/op98/protein_design/dataset/PP/PP2/1lj2.ent.pdb,4,compnd
1lqs,/home/op98/protein_design/dataset/PP/PP2/1lqs.ent.pdb,4,compnd
1mq8,/home/op98/protein_design/dataset/PP/PP2/1mq8.ent.pdb,4,compnd
1mxe,/home/op98/protein_design/dataset/PP/PP2/1mxe.ent.pdb,4,compnd
1nf3,/home/op98/protein_design/dataset/PP/PP2/1nf3.ent.pdb,4,compnd
1nys,/home/op98/protein_design/dataset/PP/PP2/1nys.ent.pdb,4,compnd
1nyu,/home/op98/protein_design/dataset/PP/PP2/1nyu.ent.pdb,4,compnd
1p27,/home/op98/protein_design/dataset/PP/PP2/1p27.ent.pdb,4,compnd
1p3q,/home/op98/protein_design/dataset/PP/PP2/1p3q.ent.pdb,4,compnd
1pk1,/home/op98/protein_design/dataset/PP/PP2/1pk1.ent.pdb,4,compnd
1psb,/home/op98/protein_design/dataset/PP/PP2/1psb.ent.pdb,4,compnd
1pvh,/home/op98/protein_design/dataset/PP/PP2/1pvh.ent.pdb,4,compnd
1pxv,/home/op98/protein_design/dataset/PP/PP2/1pxv.ent.pdb,4,compnd
1qa9,/home/op98/protein_design/dataset/PP/PP2/1qa9.ent.pdb,4,compnd
1r6q,/home/op98/protein_design/dataset/PP/PP2/1r6q.ent.pdb,4,compnd
1rv6,/home/op98/protein_design/dataset/PP/PP2/1rv6.ent.pdb,4,compnd
1s1q,/home/op98/protein_design/dataset/PP/PP2/1s1q.ent.pdb,4,compnd
1s4y,/home/op98/protein_design/dataset/PP/PP2/1s4y.ent.pdb,4,compnd
1sbb,/home/op98/protein_design/dataset/PP/PP2/1sbb.ent.pdb,4,compnd
1shz,/home/op98/protein_design/dataset/PP/PP2/1shz.ent.pdb,4,compnd
1sv0,/home/op98/protein_design/dataset/PP/PP2/1sv0.ent.pdb,4,compnd
1th1,/home/op98/protein_design/dataset/PP/PP2/1th1.ent.pdb,4,compnd
1ty4,/home/op98/protein_design/dataset/PP/PP2/1ty4.ent.pdb,4,compnd
1uad,/home/op98/protein_design/dataset/PP/PP2/1uad.ent.pdb,4,compnd
1uug,/home/op98/protein_design/dataset/PP/PP2/1uug.ent.pdb,4,compnd
1uuz,/home/op98/protein_design/dataset/PP/PP2/1uuz.ent.pdb,4,compnd
1vpp,/home/op98/protein_design/dataset/PP/PP2/1vpp.ent.pdb,4,compnd
1vrc,/home/op98/protein_design/dataset/PP/PP2/1vrc.ent.pdb,4,compnd
1vyt,/home/op98/protein_design/dataset/PP/PP2/1vyt.ent.pdb,4,compnd
1wve,/home/op98/protein_design/dataset/PP/PP2/1wve.ent.pdb,4,compnd
1x75,/home/op98/protein_design/dataset/PP/PP2/1x75.ent.pdb,4,compnd
1xd3,/home/op98/protein_design/dataset/PP/PP2/1xd3.ent.pdb,4,compnd
1xqh,/home/op98/protein_design/dataset/PP/PP2/1xqh.ent.pdb,4,compnd
1xqs,/home/op98/protein_design/dataset/PP/PP2/1xqs.ent.pdb,4,compnd
1xx9,/home/op98/protein_design/dataset/PP/PP2/1xx9.ent.pdb,4,compnd
1xxd,/home/op98/protein_design/dataset/PP/PP2/1xxd.ent.pdb,4,compnd
1xxf,/home/op98/protein_design/dataset/PP/PP2/1xxf.ent.pdb,4,compnd
1y76,/home/op98/protein_design/dataset/PP/PP2/1y76.ent.pdb,4,compnd
1yd8,/home/op98/protein_design/dataset/PP/PP2/1yd8.ent.pdb,4,compnd
1z0k,/home/op98/protein_design/dataset/PP/PP2/1z0k.ent.pdb,4,compnd
1z7x,/home/op98/protein_design/dataset/PP/PP2/1z7x.ent.pdb,4,compnd
1zc3,/home/op98/protein_design/dataset/PP/PP2/1zc3.ent.pdb,4,compnd
1zc4,/home/op98/protein_design/dataset/PP/PP2/1zc4.ent.pdb,4,compnd
1zr0,/home/op98/protein_design/dataset/PP/PP2/1zr0.ent.pdb,4,compnd
2ajf,/home/op98/protein_design/dataset/PP/PP2/2ajf.ent.pdb,4,compnd
2aw2,/home/op98/protein_design/dataset/PP/PP2/2aw2.ent.pdb,4,compnd
2b10,/home/op98/protein_design/dataset/PP/PP2/2b10.ent.pdb,4,compnd
2b11,/home/op98/protein_design/dataset/PP/PP2/2b11.ent.pdb,4,compnd
2b4j,/home/op98/protein_design/dataset/PP/PP2/2b4j.ent.pdb,4,compnd
2bo9,/home/op98/protein_design/dataset/PP/PP2/2bo9.ent.pdb,4,compnd
2bqz,/home/op98/protein_design/dataset/PP/PP2/2bqz.ent.pdb,4,compnd
2byk,/home/op98/protein_design/dataset/PP/PP2/2byk.ent.pdb,4,compnd
2bym,/home/op98/protein_design/dataset/PP/PP2/2bym.ent.pdb,4,compnd
2c1t,/home/op98/protein_design/dataset/PP/PP2/2c1t.ent.pdb,4,compnd
2c5d,/home/op98/protein_design/dataset/PP/PP2/2c5d.ent.pdb,4,compnd
2efd,/home/op98/protein_design/dataset/PP/PP2/2efd.ent.pdb,4,compnd
2efh,/home/op98/protein_design/dataset/PP/PP2/2efh.ent.pdb,4,compnd
2es4,/home/op98/protein_design/dataset/PP/PP2/2es4.ent.pdb,4,compnd
2f9z,/home/op98/protein_design/dataset/PP/PP2/2f9z.ent.pdb,4,compnd
2fdb,/home/op98/protein_design/dataset/PP/PP2/2fdb.ent.pdb,4,compnd
2fu5,/home/op98/protein_design/dataset/PP/PP2/2fu5.ent.pdb,4,compnd
2g45,/home/op98/protein_design/dataset/PP/PP2/2g45.ent.pdb,4,compnd
2gh0,/home/op98/protein_design/dataset/PP/PP2/2gh0.ent.pdb,4,compnd
2h4m,/home/op98/protein_design/dataset/PP/PP2/2h4m.ent.pdb,4,compnd
2i25,/home/op98/protein_design/dataset/PP/PP2/2i25.ent.pdb,4,compnd
2i32,/home/op98/protein_design/dataset/PP/PP2/2i32.ent.pdb,4,compnd
2ifg,/home/op98/protein_design/dataset/PP/PP2/2ifg.ent.pdb,4,compnd
2ihs,/home/op98/protein_design/dataset/PP/PP2/2ihs.ent.pdb,4,compnd
2ij0,/home/op98/protein_design/dataset/PP/PP2/2ij0.ent.pdb,4,compnd
2iwg,/home/op98/protein_design/dataset/PP/PP2/2iwg.ent.pdb,4,compnd
2iy1,/home/op98/protein_design/dataset/PP/PP2/2iy1.ent.pdb,4,compnd
2j7p,/home/op98/protein_design/dataset/PP/PP2/2j7p.ent.pdb,4,compnd
2j8x,/home/op98/protein_design/dataset/PP/PP2/2j8x.ent.pdb,4,compnd
2jjs,/home/op98/protein_design/dataset/PP/PP2/2jjs.ent.pdb,4,compnd
2jjt,/home/op98/protein_design/dataset/PP/PP2/2jjt.ent.pdb,4,compnd
2jtt,/home/op98/protein_design/dataset/PP/PP2/2jtt.ent.pdb,4,compnd
2k05,/home/op98/protein_design/dataset/PP/PP2/2k05.ent.pdb,4,compnd
2m49,/home/op98/protein_design/dataset/PP/PP2/2m49.ent.pdb,4,compnd
2mak,/home/op98/protein_design/dataset/PP/PP2/2mak.ent.pdb,4,compnd
2mjw,/home/op98/protein_design/dataset/PP/PP2/2mjw.ent.pdb,4,compnd
2nyz,/home/op98/protein_design/dataset/PP/PP2/2nyz.ent.pdb,4,compnd
2o98,/home/op98/protein_design/dataset/PP/PP2/2o98.ent.pdb,4,compnd
2oin,/home/op98/protein_design/dataset/PP/PP2/2oin.ent.pdb,4,compnd
2onl,/home/op98/protein_design/dataset/PP/PP2/2onl.ent.pdb,4,compnd
2ot8,/home/op98/protein_design/dataset/PP/PP2/2ot8.ent.pdb,4,compnd
2p42,/home/op98/protein_design/dataset/PP/PP2/2p42.ent.pdb,4,compnd
2p46,/home/op98/protein_design/dataset/PP/PP2/2p46.ent.pdb,4,compnd
2p4a,/home/op98/protein_design/dataset/PP/PP2/2p4a.ent.pdb,4,compnd
2pcc,/home/op98/protein_design/dataset/PP/PP2/2pcc.ent.pdb,4,compnd
2pkg,/home/op98/protein_design/dataset/PP/PP2/2pkg.ent.pdb,4,compnd
2pms,/home/op98/protein_design/dataset/PP/PP2/2pms.ent.pdb,4,compnd
2pop,/home/op98/protein_design/dataset/PP/PP2/2pop.ent.pdb,4,compnd
2psm,/home/op98/protein_design/dataset/PP/PP2/2psm.ent.pdb,4,compnd
2q0o,/home/op98/protein_design/dataset/PP/PP2/2q0o.ent.pdb,4,compnd
2q5d,/home/op98/protein_design/dataset/PP/PP2/2q5d.ent.pdb,4,compnd
2q7n,/home/op98/protein_design/dataset/PP/PP2/2q7n.ent.pdb,4,compnd
2qej,/home/op98/protein_design/dataset/PP/PP2/2qej.ent.pdb,4,compnd
2qiy,/home/op98/protein_design/dataset/PP/PP2/2qiy.ent.pdb,4,compnd
2qj9,/home/op98/protein_design/dataset/PP/PP2/2qj9.ent.pdb,4,compnd
2qja,/home/op98/protein_design/dataset/PP/PP2/2qja.ent.pdb,4,compnd
2qjb,/home/op98/protein_design/dataset/PP/PP2/2qjb.ent.pdb,4,compnd
2ra3,/home/op98/protein_design/dataset/PP/PP2/2ra3.ent.pdb,4,compnd
2rf9,/home/op98/protein_design/dataset/PP/PP2/2rf9.ent.pdb,4,compnd
2v51,/home/op98/protein_design/dataset/PP/PP2/2v51.ent.pdb,4,compnd
2v5q,/home/op98/protein_design/dataset/PP/PP2/2v5q.ent.pdb,4,compnd
2ve7,/home/op98/protein_design/dataset/PP/PP2/2ve7.ent.pdb,4,compnd
2vof,/home/op98/protein_design/dataset/PP/PP2/2vof.ent.pdb,4,compnd
2w19,/home/op98/protein_design/dataset/PP/PP2/2w19.ent.pdb,4,compnd
2wg3,/home/op98/protein_design/dataset/PP/PP2/2wg3.ent.pdb,4,compnd
2wjv,/home/op98/protein_design/dataset/PP/PP2/2wjv.ent.pdb,4,compnd
2wp0,/home/op98/protein_design/dataset/PP/PP2/2wp0.ent.pdb,4,compnd
2wqz,/home/op98/protein_design/dataset/PP/PP2/2wqz.ent.pdb,4,compnd
2wus,/home/op98/protein_design/dataset/PP/PP2/2wus.ent.pdb,4,compnd
2wy3,/home/op98/protein_design/dataset/PP/PP2/2wy3.ent.pdb,4,compnd
2x2d,/home/op98/protein_design/dataset/PP/PP2/2x2d.ent.pdb,4,compnd
2x9a,/home/op98/protein_design/dataset/PP/PP2/2x9a.ent.pdb,4,compnd
2xa0,/home/op98/protein_design/dataset/PP/PP2/2xa0.ent.pdb,4,compnd
2xb6,/home/op98/protein_design/dataset/PP/PP2/2xb6.ent.pdb,4,compnd
2xbb,/home/op98/protein_design/dataset/PP/PP2/2xbb.ent.pdb,4,compnd
2xdf,/home/op98/protein_design/dataset/PP/PP2/2xdf.ent.pdb,4,compnd
2xns,/home/op98/protein_design/dataset/PP/PP2/2xns.ent.pdb,4,compnd
2xze,/home/op98/protein_design/dataset/PP/PP2/2xze.ent.pdb,4,compnd
2y5b,/home/op98/protein_design/dataset/PP/PP2/2y5b.ent.pdb,4,compnd
2y8s,/home/op98/protein_design/dataset/PP/PP2/2y8s.ent.pdb,4,compnd
2y8t,/home/op98/protein_design/dataset/PP/PP2/2y8t.ent.pdb,4,compnd
2yj1,/home/op98/protein_design/dataset/PP/PP2/2yj1.ent.pdb,4,compnd
2z34,/home/op98/protein_design/dataset/PP/PP2/2z34.ent.pdb,4,compnd
2z3q,/home/op98/protein_design/dataset/PP/PP2/2z3q.ent.pdb,4,compnd
2z8v,/home/op98/protein_design/dataset/PP/PP2/2z8v.ent.pdb,4,compnd
2z8w,/home/op98/protein_design/dataset/PP/PP2/2z8w.ent.pdb,4,compnd
2za4,/home/op98/protein_design/dataset/PP/PP2/2za4.ent.pdb,4,compnd
2zvo,/home/op98/protein_design/dataset/PP/PP2/2zvo.ent.pdb,4,compnd
3a4s,/home/op98/protein_design/dataset/PP/PP2/3a4s.ent.pdb,4,compnd
3bk3,/home/op98/protein_design/dataset/PP/PP2/3bk3.ent.pdb,4,compnd
3bp8,/home/op98/protein_design/dataset/PP/PP2/3bp8.ent.pdb,4,compnd
3brt,/home/op98/protein_design/dataset/PP/PP2/3brt.ent.pdb,4,compnd
3brv,/home/op98/protein_design/dataset/PP/PP2/3brv.ent.pdb,4,compnd
3bx1,/home/op98/protein_design/dataset/PP/PP2/3bx1.ent.pdb,4,compnd
3c4m,/home/op98/protein_design/dataset/PP/PP2/3c4m.ent.pdb,4,compnd
3c66,/home/op98/protein_design/dataset/PP/PP2/3c66.ent.pdb,4,compnd
3c9a,/home/op98/protein_design/dataset/PP/PP2/3c9a.ent.pdb,4,compnd
3cqx,/home/op98/protein_design/dataset/PP/PP2/3cqx.ent.pdb,4,compnd
3crk,/home/op98/protein_design/dataset/PP/PP2/3crk.ent.pdb,4,compnd
3d1m,/home/op98/protein_design/dataset/PP/PP2/3d1m.ent.pdb,4,compnd
3d5r,/home/op98/protein_design/dataset/PP/PP2/3d5r.ent.pdb,4,compnd
3d5s,/home/op98/protein_design/dataset/PP/PP2/3d5s.ent.pdb,4,compnd
3d7u,/home/op98/protein_design/dataset/PP/PP2/3d7u.ent.pdb,4,compnd
3di2,/home/op98/protein_design/dataset/PP/PP2/3di2.ent.pdb,4,compnd
3dvu,/home/op98/protein_design/dataset/PP/PP2/3dvu.ent.pdb,4,compnd
3dxc,/home/op98/protein_design/dataset/PP/PP2/3dxc.ent.pdb,4,compnd
3dxd,/home/op98/protein_design/dataset/PP/PP2/3dxd.ent.pdb,4,compnd
3dxe,/home/op98/protein_design/dataset/PP/PP2/3dxe.ent.pdb,4,compnd
3e2k,/home/op98/protein_design/dataset/PP/PP2/3e2k.ent.pdb,4,compnd
3e2l,/home/op98/protein_design/dataset/PP/PP2/3e2l.ent.pdb,4,compnd
3eg5,/home/op98/protein_design/dataset/PP/PP2/3eg5.ent.pdb,4,compnd
3egg,/home/op98/protein_design/dataset/PP/PP2/3egg.ent.pdb,4,compnd
3ehu,/home/op98/protein_design/dataset/PP/PP2/3ehu.ent.pdb,4,compnd
3ejh,/home/op98/protein_design/dataset/PP/PP2/3ejh.ent.pdb,4,compnd
3ff7,/home/op98/protein_design/dataset/PP/PP2/3ff7.ent.pdb,4,compnd
3ff8,/home/op98/protein_design/dataset/PP/PP2/3ff8.ent.pdb,4,compnd
3fie,/home/op98/protein_design/dataset/PP/PP2/3fie.ent.pdb,4,compnd
3fxd,/home/op98/protein_design/dataset/PP/PP2/3fxd.ent.pdb,4,compnd
3g7z,/home/op98/protein_design/dataset/PP/PP2/3g7z.ent.pdb,4,compnd
3g9v,/home/op98/protein_design/dataset/PP/PP2/3g9v.ent.pdb,4,compnd
3g9w,/home/op98/protein_design/dataset/PP/PP2/3g9w.ent.pdb,4,compnd
3gj4,/home/op98/protein_design/dataset/PP/PP2/3gj4.ent.pdb,4,compnd
3gj5,/home/op98/protein_design/dataset/PP/PP2/3gj5.ent.pdb,4,compnd
3gj7,/home/op98/protein_design/dataset/PP/PP2/3gj7.ent.pdb,4,compnd
3gj8,/home/op98/protein_design/dataset/PP/PP2/3gj8.ent.pdb,4,compnd
3gmw,/home/op98/protein_design/dataset/PP/PP2/3gmw.ent.pdb,4,compnd
3gs2,/home/op98/protein_design/dataset/PP/PP2/3gs2.ent.pdb,4,compnd
3h2u,/home/op98/protein_design/dataset/PP/PP2/3h2u.ent.pdb,4,compnd
3hcu,/home/op98/protein_design/dataset/PP/PP2/3hcu.ent.pdb,4,compnd
3hh2,/home/op98/protein_design/dataset/PP/PP2/3hh2.ent.pdb,4,compnd
3ia3,/home/op98/protein_design/dataset/PP/PP2/3ia3.ent.pdb,4,compnd
3ifq,/home/op98/protein_design/dataset/PP/PP2/3ifq.ent.pdb,4,compnd
3inb,/home/op98/protein_design/dataset/PP/PP2/3inb.ent.pdb,4,compnd
3k2m,/home/op98/protein_design/dataset/PP/PP2/3k2m.ent.pdb,4,compnd
3k75,/home/op98/protein_design/dataset/PP/PP2/3k75.ent.pdb,4,compnd
3k9m,/home/op98/protein_design/dataset/PP/PP2/3k9m.ent.pdb,4,compnd
3kbt,/home/op98/protein_design/dataset/PP/PP2/3kbt.ent.pdb,4,compnd
3kls,/home/op98/protein_design/dataset/PP/PP2/3kls.ent.pdb,4,compnd
3kz0,/home/op98/protein_design/dataset/PP/PP2/3kz0.ent.pdb,4,compnd
3kz1,/home/op98/protein_design/dataset/PP/PP2/3kz1.ent.pdb,4,compnd
3laq,/home/op98/protein_design/dataset/PP/PP2/3laq.ent.pdb,4,compnd
3lb8,/home/op98/protein_design/dataset/PP/PP2/3lb8.ent.pdb,4,compnd
3m0a,/home/op98/protein_design/dataset/PP/PP2/3m0a.ent.pdb,4,compnd
3ma2,/home/op98/protein_design/dataset/PP/PP2/3ma2.ent.pdb,4,compnd
3mc0,/home/op98/protein_design/dataset/PP/PP2/3mc0.ent.pdb,4,compnd
3mjh,/home/op98/protein_design/dataset/PP/PP2/3mjh.ent.pdb,4,compnd
3nvq,/home/op98/protein_design/dataset/PP/PP2/3nvq.ent.pdb,4,compnd
3o6q,/home/op98/protein_design/dataset/PP/PP2/3o6q.ent.pdb,4,compnd
3oak,/home/op98/protein_design/dataset/PP/PP2/3oak.ent.pdb,4,compnd
3oed,/home/op98/protein_design/dataset/PP/PP2/3oed.ent.pdb,4,compnd
3oj2,/home/op98/protein_design/dataset/PP/PP2/3oj2.ent.pdb,4,compnd
3onw,/home/op98/protein_design/dataset/PP/PP2/3onw.ent.pdb,4,compnd
3osl,/home/op98/protein_design/dataset/PP/PP2/3osl.ent.pdb,4,compnd
3pvm,/home/op98/protein_design/dataset/PP/PP2/3pvm.ent.pdb,4,compnd
3q9n,/home/op98/protein_design/dataset/PP/PP2/3q9n.ent.pdb,4,compnd
3q9u,/home/op98/protein_design/dataset/PP/PP2/3q9u.ent.pdb,4,compnd
3qbq,/home/op98/protein_design/dataset/PP/PP2/3qbq.ent.pdb,4,compnd
3qbr,/home/op98/protein_design/dataset/PP/PP2/3qbr.ent.pdb,4,compnd
3qbv,/home/op98/protein_design/dataset/PP/PP2/3qbv.ent.pdb,4,compnd
3qht,/home/op98/protein_design/dataset/PP/PP2/3qht.ent.pdb,4,compnd
3qi2,/home/op98/protein_design/dataset/PP/PP2/3qi2.ent.pdb,4,compnd
3qlu,/home/op98/protein_design/dataset/PP/PP2/3qlu.ent.pdb,4,compnd
3qml,/home/op98/protein_design/dataset/PP/PP2/3qml.ent.pdb,4,compnd
3r4d,/home/op98/protein_design/dataset/PP/PP2/3r4d.ent.pdb,4,compnd
3r9a,/home/op98/protein_design/dataset/PP/PP2/3r9a.ent.pdb,4,compnd
3rbb,/home/op98/protein_design/dataset/PP/PP2/3rbb.ent.pdb,4,compnd
3rdz,/home/op98/protein_design/dataset/PP/PP2/3rdz.ent.pdb,4,compnd
3rea,/home/op98/protein_design/dataset/PP/PP2/3rea.ent.pdb,4,compnd
3reb,/home/op98/protein_design/dataset/PP/PP2/3reb.ent.pdb,4,compnd
3rt0,/home/op98/protein_design/dataset/PP/PP2/3rt0.ent.pdb,4,compnd
3rzw,/home/op98/protein_design/dataset/PP/PP2/3rzw.ent.pdb,4,compnd
3t0y,/home/op98/protein_design/dataset/PP/PP2/3t0y.ent.pdb,4,compnd
3t6g,/home/op98/protein_design/dataset/PP/PP2/3t6g.ent.pdb,4,compnd
3u8x,/home/op98/protein_design/dataset/PP/PP2/3u8x.ent.pdb,4,compnd
3u9d,/home/op98/protein_design/dataset/PP/PP2/3u9d.ent.pdb,4,compnd
3uir,/home/op98/protein_design/dataset/PP/PP2/3uir.ent.pdb,4,compnd
3ula,/home/op98/protein_design/dataset/PP/PP2/3ula.ent.pdb,4,compnd
3ux9,/home/op98/protein_design/dataset/PP/PP2/3ux9.ent.pdb,4,compnd
3uz0,/home/op98/protein_design/dataset/PP/PP2/3uz0.ent.pdb,4,compnd
3uze,/home/op98/protein_design/dataset/PP/PP2/3uze.ent.pdb,4,compnd
3wkt,/home/op98/protein_design/dataset/PP/PP2/3wkt.ent.pdb,4,compnd
3wn7,/home/op98/protein_design/dataset/PP/PP2/3wn7.ent.pdb,4,compnd
3wrx,/home/op98/protein_design/dataset/PP/PP2/3wrx.ent.pdb,4,compnd
3wry,/home/op98/protein_design/dataset/PP/PP2/3wry.ent.pdb,4,compnd
3zeu,/home/op98/protein_design/dataset/PP/PP2/3zeu.ent.pdb,4,compnd
3zrz,/home/op98/protein_design/dataset/PP/PP2/3zrz.ent.pdb,4,compnd
3zs8,/home/op98/protein_design/dataset/PP/PP2/3zs8.ent.pdb,4,compnd
3zs9,/home/op98/protein_design/dataset/PP/PP2/3zs9.ent.pdb,4,compnd
3zuv,/home/op98/protein_design/dataset/PP/PP2/3zuv.ent.pdb,4,compnd
3zv0,/home/op98/protein_design/dataset/PP/PP2/3zv0.ent.pdb,4,compnd
3zwl,/home/op98/protein_design/dataset/PP/PP2/3zwl.ent.pdb,4,compnd
3zyj,/home/op98/protein_design/dataset/PP/PP2/3zyj.ent.pdb,4,compnd
4a1s,/home/op98/protein_design/dataset/PP/PP2/4a1s.ent.pdb,4,compnd
4a94,/home/op98/protein_design/dataset/PP/PP2/4a94.ent.pdb,4,compnd
4afq,/home/op98/protein_design/dataset/PP/PP2/4afq.ent.pdb,4,compnd
4afz,/home/op98/protein_design/dataset/PP/PP2/4afz.ent.pdb,4,compnd
4ag2,/home/op98/protein_design/dataset/PP/PP2/4ag2.ent.pdb,4,compnd
4b1v,/home/op98/protein_design/dataset/PP/PP2/4b1v.ent.pdb,4,compnd
4bpk,/home/op98/protein_design/dataset/PP/PP2/4bpk.ent.pdb,4,compnd
4bpx,/home/op98/protein_design/dataset/PP/PP2/4bpx.ent.pdb,4,compnd
4bqd,/home/op98/protein_design/dataset/PP/PP2/4bqd.ent.pdb,4,compnd
4bsr,/home/op98/protein_design/dataset/PP/PP2/4bsr.ent.pdb,4,compnd
4byf,/home/op98/protein_design/dataset/PP/PP2/4byf.ent.pdb,4,compnd
4c99,/home/op98/protein_design/dataset/PP/PP2/4c99.ent.pdb,4,compnd
4cj2,/home/op98/protein_design/dataset/PP/PP2/4cj2.ent.pdb,4,compnd
4cvw,/home/op98/protein_design/dataset/PP/PP2/4cvw.ent.pdb,4,compnd
4dcn,/home/op98/protein_design/dataset/PP/PP2/4dcn.ent.pdb,4,compnd
4dge,/home/op98/protein_design/dataset/PP/PP2/4dge.ent.pdb,4,compnd
4dh2,/home/op98/protein_design/dataset/PP/PP2/4dh2.ent.pdb,4,compnd
4dm6,/home/op98/protein_design/dataset/PP/PP2/4dm6.ent.pdb,4,compnd
4dm8,/home/op98/protein_design/dataset/PP/PP2/4dm8.ent.pdb,4,compnd
4eee,/home/op98/protein_design/dataset/PP/PP2/4eee.ent.pdb,4,compnd
4eiz,/home/op98/protein_design/dataset/PP/PP2/4eiz.ent.pdb,4,compnd
4ekc,/home/op98/protein_design/dataset/PP/PP2/4ekc.ent.pdb,4,compnd
4eoz,/home/op98/protein_design/dataset/PP/PP2/4eoz.ent.pdb,4,compnd
4eqa,/home/op98/protein_design/dataset/PP/PP2/4eqa.ent.pdb,4,compnd
4etw,/home/op98/protein_design/dataset/PP/PP2/4etw.ent.pdb,4,compnd
4f9l,/home/op98/protein_design/dataset/PP/PP2/4f9l.ent.pdb,4,compnd
4f9p,/home/op98/protein_design/dataset/PP/PP2/4f9p.ent.pdb,4,compnd
4fq0,/home/op98/protein_design/dataset/PP/PP2/4fq0.ent.pdb,4,compnd
4ft4,/home/op98/protein_design/dataset/PP/PP2/4ft4.ent.pdb,4,compnd
4g59,/home/op98/protein_design/dataset/PP/PP2/4g59.ent.pdb,4,compnd
4g8a,/home/op98/protein_design/dataset/PP/PP2/4g8a.ent.pdb,4,compnd
4geh,/home/op98/protein_design/dataset/PP/PP2/4geh.ent.pdb,4,compnd
4gh7,/home/op98/protein_design/dataset/PP/PP2/4gh7.ent.pdb,4,compnd
4gla,/home/op98/protein_design/dataset/PP/PP2/4gla.ent.pdb,4,compnd
4gn5,/home/op98/protein_design/dataset/PP/PP2/4gn5.ent.pdb,4,compnd
4h2s,/home/op98/protein_design/dataset/PP/PP2/4h2s.ent.pdb,4,compnd
4h2w,/home/op98/protein_design/dataset/PP/PP2/4h2w.ent.pdb,4,compnd
4h3p,/home/op98/protein_design/dataset/PP/PP2/4h3p.ent.pdb,4,compnd
4hfk,/home/op98/protein_design/dataset/PP/PP2/4hfk.ent.pdb,4,compnd
4hgk,/home/op98/protein_design/dataset/PP/PP2/4hgk.ent.pdb,4,compnd
4i0c,/home/op98/protein_design/dataset/PP/PP2/4i0c.ent.pdb,4,compnd
4i9x,/home/op98/protein_design/dataset/PP/PP2/4i9x.ent.pdb,4,compnd
4ic7,/home/op98/protein_design/dataset/PP/PP2/4ic7.ent.pdb,4,compnd
4ilw,/home/op98/protein_design/dataset/PP/PP2/4ilw.ent.pdb,4,compnd
4iw4,/home/op98/protein_design/dataset/PP/PP2/4iw4.ent.pdb,4,compnd
4j2l,/home/op98/protein_design/dataset/PP/PP2/4j2l.ent.pdb,4,compnd
4jra,/home/op98/protein_design/dataset/PP/PP2/4jra.ent.pdb,4,compnd
4jw3,/home/op98/protein_design/dataset/PP/PP2/4jw3.ent.pdb,4,compnd
4jzw,/home/op98/protein_design/dataset/PP/PP2/4jzw.ent.pdb,4,compnd
4k1r,/home/op98/protein_design/dataset/PP/PP2/4k1r.ent.pdb,4,compnd
4k5b,/home/op98/protein_design/dataset/PP/PP2/4k5b.ent.pdb,4,compnd
4kbb,/home/op98/protein_design/dataset/PP/PP2/4kbb.ent.pdb,4,compnd
4kdi,/home/op98/protein_design/dataset/PP/PP2/4kdi.ent.pdb,4,compnd
4kfz,/home/op98/protein_design/dataset/PP/PP2/4kfz.ent.pdb,4,compnd
4kgg,/home/op98/protein_design/dataset/PP/PP2/4kgg.ent.pdb,4,compnd
4kgq,/home/op98/protein_design/dataset/PP/PP2/4kgq.ent.pdb,4,compnd
4kjy,/home/op98/protein_design/dataset/PP/PP2/4kjy.ent.pdb,4,compnd
4kvg,/home/op98/protein_design/dataset/PP/PP2/4kvg.ent.pdb,4,compnd
4lgp,/home/op98/protein_design/dataset/PP/PP2/4lgp.ent.pdb,4,compnd
4lqw,/home/op98/protein_design/dataset/PP/PP2/4lqw.ent.pdb,4,compnd
4lrx,/home/op98/protein_design/dataset/PP/PP2/4lrx.ent.pdb,4,compnd
4m6b,/home/op98/protein_design/dataset/PP/PP2/4m6b.ent.pdb,4,compnd
4ml7,/home/op98/protein_design/dataset/PP/PP2/4ml7.ent.pdb,4,compnd
4mp0,/home/op98/protein_design/dataset/PP/PP2/4mp0.ent.pdb,4,compnd
4mqv,/home/op98/protein_design/dataset/PP/PP2/4mqv.ent.pdb,4,compnd
4msm,/home/op98/protein_design/dataset/PP/PP2/4msm.ent.pdb,4,compnd
4myw,/home/op98/protein_design/dataset/PP/PP2/4myw.ent.pdb,4,compnd
4niq,/home/op98/protein_design/dataset/PP/PP2/4niq.ent.pdb,4,compnd
4nl9,/home/op98/protein_design/dataset/PP/PP2/4nl9.ent.pdb,4,compnd
4noo,/home/op98/protein_design/dataset/PP/PP2/4noo.ent.pdb,4,compnd
4nst,/home/op98/protein_design/dataset/PP/PP2/4nst.ent.pdb,4,compnd
4ojk,/home/op98/protein_design/dataset/PP/PP2/4ojk.ent.pdb,4,compnd
4ons,/home/op98/protein_design/dataset/PP/PP2/4ons.ent.pdb,4,compnd
4oyd,/home/op98/protein_design/dataset/PP/PP2/4oyd.ent.pdb,4,compnd
4p1n,/home/op98/protein_design/dataset/PP/PP2/4p1n.ent.pdb,4,compnd
4pc0,/home/op98/protein_design/dataset/PP/PP2/4pc0.ent.pdb,4,compnd
4peq,/home/op98/protein_design/dataset/PP/PP2/4peq.ent.pdb,4,compnd
4pgj,/home/op98/protein_design/dataset/PP/PP2/4pgj.ent.pdb,4,compnd
4pj2,/home/op98/protein_design/dataset/PP/PP2/4pj2.ent.pdb,4,compnd
4pp8,/home/op98/protein_design/dataset/PP/PP2/4pp8.ent.pdb,4,compnd
4pvz,/home/op98/protein_design/dataset/PP/PP2/4pvz.ent.pdb,4,compnd
4pz6,/home/op98/protein_design/dataset/PP/PP2/4pz6.ent.pdb,4,compnd
4qt8,/home/op98/protein_design/dataset/PP/PP2/4qt8.ent.pdb,4,compnd
4qzv,/home/op98/protein_design/dataset/PP/PP2/4qzv.ent.pdb,4,compnd
4ra0,/home/op98/protein_design/dataset/PP/PP2/4ra0.ent.pdb,4,compnd
4re1,/home/op98/protein_design/dataset/PP/PP2/4re1.ent.pdb,4,compnd
4rwt,/home/op98/protein_design/dataset/PP/PP2/4rwt.ent.pdb,4,compnd
4s0s,/home/op98/protein_design/dataset/PP/PP2/4s0s.ent.pdb,4,compnd
4u0q,/home/op98/protein_design/dataset/PP/PP2/4u0q.ent.pdb,4,compnd
4u5w,/home/op98/protein_design/dataset/PP/PP2/4u5w.ent.pdb,4,compnd
4ui1,/home/op98/protein_design/dataset/PP/PP2/4ui1.ent.pdb,4,compnd
4uwx,/home/op98/protein_design/dataset/PP/PP2/4uwx.ent.pdb,4,compnd
4uyp,/home/op98/protein_design/dataset/PP/PP2/4uyp.ent.pdb,4,compnd
4v2c,/home/op98/protein_design/dataset/PP/PP2/4v2c.ent.pdb,4,compnd
4weu,/home/op98/protein_design/dataset/PP/PP2/4weu.ent.pdb,4,compnd
4x7d,/home/op98/protein_design/dataset/PP/PP2/4x7d.ent.pdb,4,compnd
4x7e,/home/op98/protein_design/dataset/PP/PP2/4x7e.ent.pdb,4,compnd
4x7f,/home/op98/protein_design/dataset/PP/PP2/4x7f.ent.pdb,4,compnd
4xhu,/home/op98/protein_design/dataset/PP/PP2/4xhu.ent.pdb,4,compnd
4xkl,/home/op98/protein_design/dataset/PP/PP2/4xkl.ent.pdb,4,compnd
4xl1,/home/op98/protein_design/dataset/PP/PP2/4xl1.ent.pdb,4,compnd
4xoi,/home/op98/protein_design/dataset/PP/PP2/4xoi.ent.pdb,4,compnd
4xxw,/home/op98/protein_design/dataset/PP/PP2/4xxw.ent.pdb,4,compnd
4ydh,/home/op98/protein_design/dataset/PP/PP2/4ydh.ent.pdb,4,compnd
4yiq,/home/op98/protein_design/dataset/PP/PP2/4yiq.ent.pdb,4,compnd
4ywc,/home/op98/protein_design/dataset/PP/PP2/4ywc.ent.pdb,4,compnd
4z80,/home/op98/protein_design/dataset/PP/PP2/4z80.ent.pdb,4,compnd
4zi2,/home/op98/protein_design/dataset/PP/PP2/4zi2.ent.pdb,4,compnd
4zlt,/home/op98/protein_design/dataset/PP/PP2/4zlt.ent.pdb,4,compnd
4zrp,/home/op98/protein_design/dataset/PP/PP2/4zrp.ent.pdb,4,compnd
4zv4,/home/op98/protein_design/dataset/PP/PP2/4zv4.ent.pdb,4,compnd
5aam,/home/op98/protein_design/dataset/PP/PP2/5aam.ent.pdb,4,compnd
5agw,/home/op98/protein_design/dataset/PP/PP2/5agw.ent.pdb,4,compnd
5aoq,/home/op98/protein_design/dataset/PP/PP2/5aoq.ent.pdb,4,compnd
5ays,/home/op98/protein_design/dataset/PP/PP2/5ays.ent.pdb,4,compnd
5c67,/home/op98/protein_design/dataset/PP/PP2/5c67.ent.pdb,4,compnd
5chv,/home/op98/protein_design/dataset/PP/PP2/5chv.ent.pdb,4,compnd
5ctr,/home/op98/protein_design/dataset/PP/PP2/5ctr.ent.pdb,4,compnd
5czf,/home/op98/protein_design/dataset/PP/PP2/5czf.ent.pdb,4,compnd
5d28,/home/op98/protein_design/dataset/PP/PP2/5d28.ent.pdb,4,compnd
5dju,/home/op98/protein_design/dataset/PP/PP2/5dju.ent.pdb,4,compnd
5eb1,/home/op98/protein_design/dataset/PP/PP2/5eb1.ent.pdb,4,compnd
5eoa,/home/op98/protein_design/dataset/PP/PP2/5eoa.ent.pdb,4,compnd
5eof,/home/op98/protein_design/dataset/PP/PP2/5eof.ent.pdb,4,compnd
5ep6,/home/op98/protein_design/dataset/PP/PP2/5ep6.ent.pdb,4,compnd
5et1,/home/op98/protein_design/dataset/PP/PP2/5et1.ent.pdb,4,compnd
5f3x,/home/op98/protein_design/dataset/PP/PP2/5f3x.ent.pdb,4,compnd
5fvk,/home/op98/protein_design/dataset/PP/PP2/5fvk.ent.pdb,4,compnd
5gwo,/home/op98/protein_design/dataset/PP/PP2/5gwo.ent.pdb,4,compnd
5gwp,/home/op98/protein_design/dataset/PP/PP2/5gwp.ent.pdb,4,compnd
5gy2,/home/op98/protein_design/dataset/PP/PP2/5gy2.ent.pdb,4,compnd
5hgg,/home/op98/protein_design/dataset/PP/PP2/5hgg.ent.pdb,4,compnd
5hpy,/home/op98/protein_design/dataset/PP/PP2/5hpy.ent.pdb,4,compnd
5hvg,/home/op98/protein_design/dataset/PP/PP2/5hvg.ent.pdb,4,compnd
5ifs,/home/op98/protein_design/dataset/PP/PP2/5ifs.ent.pdb,4,compnd
5imy,/home/op98/protein_design/dataset/PP/PP2/5imy.ent.pdb,4,compnd
5ioh,/home/op98/protein_design/dataset/PP/PP2/5ioh.ent.pdb,4,compnd
5ip4,/home/op98/protein_design/dataset/PP/PP2/5ip4.ent.pdb,4,compnd
5ius,/home/op98/protein_design/dataset/PP/PP2/5ius.ent.pdb,4,compnd
5j28,/home/op98/protein_design/dataset/PP/PP2/5j28.ent.pdb,4,compnd
5j4a,/home/op98/protein_design/dataset/PP/PP2/5j4a.ent.pdb,4,compnd
5j7c,/home/op98/protein_design/dataset/PP/PP2/5j7c.ent.pdb,4,compnd
5jg6,/home/op98/protein_design/dataset/PP/PP2/5jg6.ent.pdb,4,compnd
5jhw,/home/op98/protein_design/dataset/PP/PP2/5jhw.ent.pdb,4,compnd
5jke,/home/op98/protein_design/dataset/PP/PP2/5jke.ent.pdb,4,compnd
5jlv,/home/op98/protein_design/dataset/PP/PP2/5jlv.ent.pdb,4,compnd
5jsn,/home/op98/protein_design/dataset/PP/PP2/5jsn.ent.pdb,4,compnd
5jyl,/home/op98/protein_design/dataset/PP/PP2/5jyl.ent.pdb,4,compnd
5jze,/home/op98/protein_design/dataset/PP/PP2/5jze.ent.pdb,4,compnd
5kho,/home/op98/protein_design/dataset/PP/PP2/5kho.ent.pdb,4,compnd
5kof,/home/op98/protein_design/dataset/PP/PP2/5kof.ent.pdb,4,compnd
5kwy,/home/op98/protein_design/dataset/PP/PP2/5kwy.ent.pdb,4,compnd
5lpu,/home/op98/protein_design/dataset/PP/PP2/5lpu.ent.pdb,4,compnd
5lrw,/home/op98/protein_design/dataset/PP/PP2/5lrw.ent.pdb,4,compnd
5lxq,/home/op98/protein_design/dataset/PP/PP2/5lxq.ent.pdb,4,compnd
5m36,/home/op98/protein_design/dataset/PP/PP2/5m36.ent.pdb,4,compnd
5ma5,/home/op98/protein_design/dataset/PP/PP2/5ma5.ent.pdb,4,compnd
5mak,/home/op98/protein_design/dataset/PP/PP2/5mak.ent.pdb,4,compnd
5mk0,/home/op98/protein_design/dataset/PP/PP2/5mk0.ent.pdb,4,compnd
5mn2,/home/op98/protein_design/dataset/PP/PP2/5mn2.ent.pdb,4,compnd
5mr4,/home/op98/protein_design/dataset/PP/PP2/5mr4.ent.pdb,4,compnd
5mr5,/home/op98/protein_design/dataset/PP/PP2/5mr5.ent.pdb,4,compnd
5n48,/home/op98/protein_design/dataset/PP/PP2/5n48.ent.pdb,4,compnd
5nqw,/home/op98/protein_design/dataset/PP/PP2/5nqw.ent.pdb,4,compnd
5nt7,/home/op98/protein_design/dataset/PP/PP2/5nt7.ent.pdb,4,compnd
5nvl,/home/op98/protein_design/dataset/PP/PP2/5nvl.ent.pdb,4,compnd
5nvm,/home/op98/protein_design/dataset/PP/PP2/5nvm.ent.pdb,4,compnd
5nvn,/home/op98/protein_design/dataset/PP/PP2/5nvn.ent.pdb,4,compnd
5o03,/home/op98/protein_design/dataset/PP/PP2/5o03.ent.pdb,4,compnd
5o05,/home/op98/protein_design/dataset/PP/PP2/5o05.ent.pdb,4,compnd
5o2u,/home/op98/protein_design/dataset/PP/PP2/5o2u.ent.pdb,4,compnd
5oc7,/home/op98/protein_design/dataset/PP/PP2/5oc7.ent.pdb,4,compnd
5odw,/home/op98/protein_design/dataset/PP/PP2/5odw.ent.pdb,4,compnd
5omb,/home/op98/protein_design/dataset/PP/PP2/5omb.ent.pdb,4,compnd
5otx,/home/op98/protein_design/dataset/PP/PP2/5otx.ent.pdb,4,compnd
5sv3,/home/op98/protein_design/dataset/PP/PP2/5sv3.ent.pdb,4,compnd
5swk,/home/op98/protein_design/dataset/PP/PP2/5swk.ent.pdb,4,compnd
5tl6,/home/op98/protein_design/dataset/PP/PP2/5tl6.ent.pdb,4,compnd
5tl7,/home/op98/protein_design/dataset/PP/PP2/5tl7.ent.pdb,4,compnd
5twa,/home/op98/protein_design/dataset/PP/PP2/5twa.ent.pdb,4,compnd
5tzn,/home/op98/protein_design/dataset/PP/PP2/5tzn.ent.pdb,4,compnd
5tzq,/home/op98/protein_design/dataset/PP/PP2/5tzq.ent.pdb,4,compnd
5u4y,/home/op98/protein_design/dataset/PP/PP2/5u4y.ent.pdb,4,compnd
5u52,/home/op98/protein_design/dataset/PP/PP2/5u52.ent.pdb,4,compnd
5ufq,/home/op98/protein_design/dataset/PP/PP2/5ufq.ent.pdb,4,compnd
5un5,/home/op98/protein_design/dataset/PP/PP2/5un5.ent.pdb,4,compnd
5uv8,/home/op98/protein_design/dataset/PP/PP2/5uv8.ent.pdb,4,compnd
5v52,/home/op98/protein_design/dataset/PP/PP2/5v52.ent.pdb,4,compnd
5v5g,/home/op98/protein_design/dataset/PP/PP2/5v5g.ent.pdb,4,compnd
5v5i,/home/op98/protein_design/dataset/PP/PP2/5v5i.ent.pdb,4,compnd
5vt9,/home/op98/protein_design/dataset/PP/PP2/5vt9.ent.pdb,4,compnd
5vwx,/home/op98/protein_design/dataset/PP/PP2/5vwx.ent.pdb,4,compnd
5vx0,/home/op98/protein_design/dataset/PP/PP2/5vx0.ent.pdb,4,compnd
5vx2,/home/op98/protein_design/dataset/PP/PP2/5vx2.ent.pdb,4,compnd
5vxz,/home/op98/protein_design/dataset/PP/PP2/5vxz.ent.pdb,4,compnd
5w3x,/home/op98/protein_design/dataset/PP/PP2/5w3x.ent.pdb,4,compnd
5w8t,/home/op98/protein_design/dataset/PP/PP2/5w8t.ent.pdb,4,compnd
5w9a,/home/op98/protein_design/dataset/PP/PP2/5w9a.ent.pdb,4,compnd
5wb8,/home/op98/protein_design/dataset/PP/PP2/5wb8.ent.pdb,4,compnd
5wy2,/home/op98/protein_design/dataset/PP/PP2/5wy2.ent.pdb,4,compnd
5x4l,/home/op98/protein_design/dataset/PP/PP2/5x4l.ent.pdb,4,compnd
5xjg,/home/op98/protein_design/dataset/PP/PP2/5xjg.ent.pdb,4,compnd
5xnp,/home/op98/protein_design/dataset/PP/PP2/5xnp.ent.pdb,4,compnd
5xqz,/home/op98/protein_design/dataset/PP/PP2/5xqz.ent.pdb,4,compnd
5xwt,/home/op98/protein_design/dataset/PP/PP2/5xwt.ent.pdb,4,compnd
5y1z,/home/op98/protein_design/dataset/PP/PP2/5y1z.ent.pdb,4,compnd
5y4r,/home/op98/protein_design/dataset/PP/PP2/5y4r.ent.pdb,4,compnd
5yis,/home/op98/protein_design/dataset/PP/PP2/5yis.ent.pdb,4,compnd
5z7g,/home/op98/protein_design/dataset/PP/PP2/5z7g.ent.pdb,4,compnd
5z7l,/home/op98/protein_design/dataset/PP/PP2/5z7l.ent.pdb,4,compnd
6a6x,/home/op98/protein_design/dataset/PP/PP2/6a6x.ent.pdb,4,compnd
6b12,/home/op98/protein_design/dataset/PP/PP2/6b12.ent.pdb,4,compnd
6bx4,/home/op98/protein_design/dataset/PP/PP2/6bx4.ent.pdb,4,compnd
6bx5,/home/op98/protein_design/dataset/PP/PP2/6bx5.ent.pdb,4,compnd
6bxa,/home/op98/protein_design/dataset/PP/PP2/6bxa.ent.pdb,4,compnd
6bxc,/home/op98/protein_design/dataset/PP/PP2/6bxc.ent.pdb,4,compnd
6c83,/home/op98/protein_design/dataset/PP/PP2/6c83.ent.pdb,4,compnd
6co2,/home/op98/protein_design/dataset/PP/PP2/6co2.ent.pdb,4,compnd
6cwg,/home/op98/protein_design/dataset/PP/PP2/6cwg.ent.pdb,4,compnd
6cxl,/home/op98/protein_design/dataset/PP/PP2/6cxl.ent.pdb,4,compnd
6czo,/home/op98/protein_design/dataset/PP/PP2/6czo.ent.pdb,4,compnd
6d68,/home/op98/protein_design/dataset/PP/PP2/6d68.ent.pdb,4,compnd
6dcn,/home/op98/protein_design/dataset/PP/PP2/6dcn.ent.pdb,4,compnd
6dld,/home/op98/protein_design/dataset/PP/PP2/6dld.ent.pdb,4,compnd
6e2p,/home/op98/protein_design/dataset/PP/PP2/6e2p.ent.pdb,4,compnd
6eg1,/home/op98/protein_design/dataset/PP/PP2/6eg1.ent.pdb,4,compnd
6ejg,/home/op98/protein_design/dataset/PP/PP2/6ejg.ent.pdb,4,compnd
6ejm,/home/op98/protein_design/dataset/PP/PP2/6ejm.ent.pdb,4,compnd
6ere,/home/op98/protein_design/dataset/PP/PP2/6ere.ent.pdb,4,compnd
6f0g,/home/op98/protein_design/dataset/PP/PP2/6f0g.ent.pdb,4,compnd
6f3z,/home/op98/protein_design/dataset/PP/PP2/6f3z.ent.pdb,4,compnd
6fc2,/home/op98/protein_design/dataset/PP/PP2/6fc2.ent.pdb,4,compnd
6fhp,/home/op98/protein_design/dataset/PP/PP2/6fhp.ent.pdb,4,compnd
6fq0,/home/op98/protein_design/dataset/PP/PP2/6fq0.ent.pdb,4,compnd
6fu9,/home/op98/protein_design/dataset/PP/PP2/6fu9.ent.pdb,4,compnd
6gbh,/home/op98/protein_design/dataset/PP/PP2/6gbh.ent.pdb,4,compnd
6gfi,/home/op98/protein_design/dataset/PP/PP2/6gfi.ent.pdb,4,compnd
6gtq,/home/op98/protein_design/dataset/PP/PP2/6gtq.ent.pdb,4,compnd
6h15,/home/op98/protein_design/dataset/PP/PP2/6h15.ent.pdb,4,compnd
6h6z,/home/op98/protein_design/dataset/PP/PP2/6h6z.ent.pdb,4,compnd
6h71,/home/op98/protein_design/dataset/PP/PP2/6h71.ent.pdb,4,compnd
6ht9,/home/op98/protein_design/dataset/PP/PP2/6ht9.ent.pdb,4,compnd
6i07,/home/op98/protein_design/dataset/PP/PP2/6i07.ent.pdb,4,compnd
6in9,/home/op98/protein_design/dataset/PP/PP2/6in9.ent.pdb,4,compnd
6j56,/home/op98/protein_design/dataset/PP/PP2/6j56.ent.pdb,4,compnd
6j7w,/home/op98/protein_design/dataset/PP/PP2/6j7w.ent.pdb,4,compnd
6j9h,/home/op98/protein_design/dataset/PP/PP2/6j9h.ent.pdb,4,compnd
6jhw,/home/op98/protein_design/dataset/PP/PP2/6jhw.ent.pdb,4,compnd
6k4k,/home/op98/protein_design/dataset/PP/PP2/6k4k.ent.pdb,4,compnd
6kbn,/home/op98/protein_design/dataset/PP/PP2/6kbn.ent.pdb,4,compnd
6km7,/home/op98/protein_design/dataset/PP/PP2/6km7.ent.pdb,4,compnd
6mkz,/home/op98/protein_design/dataset/PP/PP2/6mkz.ent.pdb,4,compnd
6mm6,/home/op98/protein_design/dataset/PP/PP2/6mm6.ent.pdb,4,compnd
6moe,/home/op98/protein_design/dataset/PP/PP2/6moe.ent.pdb,4,compnd
6n6r,/home/op98/protein_design/dataset/PP/PP2/6n6r.ent.pdb,4,compnd
6nrw,/home/op98/protein_design/dataset/PP/PP2/6nrw.ent.pdb,4,compnd
6o3o,/home/op98/protein_design/dataset/PP/PP2/6o3o.ent.pdb,4,compnd
6o8b,/home/op98/protein_design/dataset/PP/PP2/6o8b.ent.pdb,4,compnd
6oan,/home/op98/protein_design/dataset/PP/PP2/6oan.ent.pdb,4,compnd
6obn,/home/op98/protein_design/dataset/PP/PP2/6obn.ent.pdb,4,compnd
6oqq,/home/op98/protein_design/dataset/PP/PP2/6oqq.ent.pdb,4,compnd
6p7s,/home/op98/protein_design/dataset/PP/PP2/6p7s.ent.pdb,4,compnd
6p7y,/home/op98/protein_design/dataset/PP/PP2/6p7y.ent.pdb,4,compnd
6plm,/home/op98/protein_design/dataset/PP/PP2/6plm.ent.pdb,4,compnd
6q69,/home/op98/protein_design/dataset/PP/PP2/6q69.ent.pdb,4,compnd
6s29,/home/op98/protein_design/dataset/PP/PP2/6s29.ent.pdb,4,compnd
6s8s,/home/op98/protein_design/dataset/PP/PP2/6s8s.ent.pdb,4,compnd
6sak,/home/op98/protein_design/dataset/PP/PP2/6sak.ent.pdb,4,compnd
6saz,/home/op98/protein_design/dataset/PP/PP2/6saz.ent.pdb,4,compnd
6u2h,/home/op98/protein_design/dataset/PP/PP2/6u2h.ent.pdb,4,compnd
6uys,/home/op98/protein_design/dataset/PP/PP2/6uys.ent.pdb,4,compnd
6uyu,/home/op98/protein_design/dataset/PP/PP2/6uyu.ent.pdb,4,compnd
1fg9,/home/op98/protein_design/dataset/PP/PP2/1fg9.ent.pdb,5,compnd
2gox,/home/op98/protein_design/dataset/PP/PP2/2gox.ent.pdb,5,compnd
2j8s,/home/op98/protein_design/dataset/PP/PP2/2j8s.ent.pdb,5,compnd
2w83,/home/op98/protein_design/dataset/PP/PP2/2w83.ent.pdb,5,compnd
3f7p,/home/op98/protein_design/dataset/PP/PP2/3f7p.ent.pdb,5,compnd
1brs,/home/op98/protein_design/dataset/PP/PP2/1brs.ent.pdb,6,compnd
1gl1,/home/op98/protein_design/dataset/PP/PP2/1gl1.ent.pdb,6,compnd
1gpw,/home/op98/protein_design/dataset/PP/PP2/1gpw.ent.pdb,6,compnd
1kkl,/home/op98/protein_design/dataset/PP/PP2/1kkl.ent.pdb,6,compnd
1ktk,/home/op98/protein_design/dataset/PP/PP2/1ktk.ent.pdb,6,compnd
1rlb,/home/op98/protein_design/dataset/PP/PP2/1rlb.ent.pdb,6,compnd
1ul1,/home/op98/protein_design/dataset/PP/PP2/1ul1.ent.pdb,6,compnd
1xu1,/home/op98/protein_design/dataset/PP/PP2/1xu1.ent.pdb,6,compnd
1zm4,/home/op98/protein_design/dataset/PP/PP2/1zm4.ent.pdb,6,compnd
2abz,/home/op98/protein_design/dataset/PP/PP2/2abz.ent.pdb,6,compnd
2j0t,/home/op98/protein_design/dataset/PP/PP2/2j0t.ent.pdb,6,compnd
2jki,/home/op98/protein_design/dataset/PP/PP2/2jki.ent.pdb,6,compnd
2zxx,/home/op98/protein_design/dataset/PP/PP2/2zxx.ent.pdb,6,compnd
3qt2,/home/op98/protein_design/dataset/PP/PP2/3qt2.ent.pdb,6,compnd
3sf4,/home/op98/protein_design/dataset/PP/PP2/3sf4.ent.pdb,6,compnd
3sua,/home/op98/protein_design/dataset/PP/PP2/3sua.ent.pdb,6,compnd
4hem,/home/op98/protein_design/dataset/PP/PP2/4hem.ent.pdb,6,compnd
4hsa,/home/op98/protein_design/dataset/PP/PP2/4hsa.ent.pdb,6,compnd
2x89,/home/op98/protein_design/dataset/PP/PP2/2x89.ent.pdb,7,compnd
1b6c,/home/op98/protein_design/dataset/PP/PP2/1b6c.ent.pdb,8,compnd
1go4,/home/op98/protein_design/dataset/PP/PP2/1go4.ent.pdb,8,compnd
1ib1,/home/op98/protein_design/dataset/PP/PP2/1ib1.ent.pdb,8,compnd
1kxq,/home/op98/protein_design/dataset/PP/PP2/1kxq.ent.pdb,8,compnd
1oey,/home/op98/protein_design/dataset/PP/PP2/1oey.ent.pdb,8,compnd
1w1w,/home/op98/protein_design/dataset/PP/PP2/1w1w.ent.pdb,8,compnd
2aq3,/home/op98/protein_design/dataset/PP/PP2/2aq3.ent.pdb,8,compnd
2bp7,/home/op98/protein_design/dataset/PP/PP2/2bp7.ent.pdb,8,compnd
2i9b,/home/op98/protein_design/dataset/PP/PP2/2i9b.ent.pdb,8,compnd
2iyb,/home/op98/protein_design/dataset/PP/PP2/2iyb.ent.pdb,8,compnd
2qho,/home/op98/protein_design/dataset/PP/PP2/2qho.ent.pdb,8,compnd
2r9p,/home/op98/protein_design/dataset/PP/PP2/2r9p.ent.pdb,8,compnd
3b08,/home/op98/protein_design/dataset/PP/PP2/3b08.ent.pdb,8,compnd
3biw,/home/op98/protein_design/dataset/PP/PP2/3biw.ent.pdb,8,compnd
3h2v,/home/op98/protein_design/dataset/PP/PP2/3h2v.ent.pdb,8,compnd
3ogo,/home/op98/protein_design/dataset/PP/PP2/3ogo.ent.pdb,8,compnd
3q4f,/home/op98/protein_design/dataset/PP/PP2/3q4f.ent.pdb,8,compnd
3qbt,/home/op98/protein_design/dataset/PP/PP2/3qbt.ent.pdb,8,compnd
3qs7,/home/op98/protein_design/dataset/PP/PP2/3qs7.ent.pdb,8,compnd
3tl8,/home/op98/protein_design/dataset/PP/PP2/3tl8.ent.pdb,8,compnd
3v4y,/home/op98/protein_design/dataset/PP/PP2/3v4y.ent.pdb,8,compnd
3vep,/home/op98/protein_design/dataset/PP/PP2/3vep.ent.pdb,8,compnd
3vhx,/home/op98/protein_design/dataset/PP/PP2/3vhx.ent.pdb,8,compnd
4dra,/home/op98/protein_design/dataset/PP/PP2/4dra.ent.pdb,8,compnd
4dx8,/home/op98/protein_design/dataset/PP/PP2/4dx8.ent.pdb,8,compnd
4g6v,/home/op98/protein_design/dataset/PP/PP2/4g6v.ent.pdb,8,compnd
4k81,/home/op98/protein_design/dataset/PP/PP2/4k81.ent.pdb,8,compnd
4llo,/home/op98/protein_design/dataset/PP/PP2/4llo.ent.pdb,8,compnd
3o6b,/home/op98/protein_design/dataset/PP/PP2/3o6b.ent.pdb,10,compnd
3sja,/home/op98/protein_design/dataset/PP/PP2/3sja.ent.pdb,10,compnd
1du3,/home/op98/protein_design/dataset/PP/PP2/1du3.ent.pdb,12,compnd
1wdw,/home/op98/protein_design/dataset/PP/PP2/1wdw.ent.pdb,12,compnd
2c7n,/home/op98/protein_design/dataset/PP/PP2/2c7n.ent.pdb,12,compnd
2j59,/home/op98/protein_design/dataset/PP/PP2/2j59.ent.pdb,12,compnd
2vyr,/home/op98/protein_design/dataset/PP/PP2/2vyr.ent.pdb,12,compnd
2xqr,/home/op98/protein_design/dataset/PP/PP2/2xqr.ent.pdb,12,compnd
3eab,/home/op98/protein_design/dataset/PP/PP2/3eab.ent.pdb,12,compnd
4dpg,/home/op98/protein_design/dataset/PP/PP2/4dpg.ent.pdb,12,compnd
4hx3,/home/op98/protein_design/dataset/PP/PP2/4hx3.ent.pdb,12,compnd
4ihh,/home/op98/protein_design/dataset/PP/PP2/4ihh.ent.pdb,12,compnd
4ng2,/home/op98/protein_design/dataset/PP/PP2/4ng2.ent.pdb,12,compnd
2f5z,/home/op98/protein_design/dataset/PP/PP2/2f5z.ent.pdb,15,compnd
1ogy,/home/op98/protein_design/dataset/PP/PP2/1ogy.ent.pdb,16,compnd
3v3k,/home/op98/protein_design/dataset/PP/PP2/3v3k.ent.pdb,16,compnd
3m9d,/home/op98/protein_design/dataset/PP/PP2/3m9d.ent.pdb,18,compnd
1vyh,/home/op98/protein_design/dataset/PP/PP2/1vyh.ent.pdb,20,compnd
3hug,/home/op98/protein_design/dataset/PP/PP2/3hug.ent.pdb,20,compnd
2wvw,/home/op98/protein_design/dataset/PP/PP2/2wvw.ent.pdb,24,compnd
3l89,/home/op98/protein_design/dataset/PP/PP2/3l89.ent.pdb,24,compnd
