pdb_id	delta_G_kJ_per_mol	total_sasa_A2	T_K	delta_S_est_kJ_per_molK	T_delta_S_kJ_per_mol	delta_H_kJ_per_mol
1fc2	-43.65	15381.64	298.15	0.04568777358327178	13.62180969385248	-30.02819030614752
3sgb	-61.34	9810.36	298.15	0.042528597686892176	12.679901400346901	-48.660098599653104
2tgp	-32.08	12283.27	298.15	0.04401899853769876	13.124264414014883	-18.955735585985117
2ptc	-75.47	11788.16	298.15	0.04373355598525014	13.039159717002327	-62.43084028299767
2sni	-66.77	12804.32	298.15	0.04431324980568704	13.211995429565588	-53.558004570434406
1atn	-53.35	25881.07	298.15	0.05034937640322179	15.011666574620575	-38.338333425379425
1gla	-38.5	25735.73	298.15	0.05029215809124303	14.994606934904109	-23.50539306509589
1acb	-55.36	15347.57	298.15	0.045670389912187886	13.616626752318817	-41.743373247681184
2pcc	-33.08	35561.1	298.15	0.053853251350706885	16.056346890213256	-17.023653109786743
2pcb	-28.54	30890.8	298.15	0.052231797048371956	15.572910289972098	-12.967089710027901
2sic	-57.92	14401.32	298.15	0.045179628453951036	13.470306223545501	-44.4496937764545
2cpk	-49.3	15377.61	298.15	0.04568571834504241	13.621196924574393	-35.678803075425606
2iff	-45.66	24236.67	298.15	0.049692301033652714	14.815759553183556	-30.844240446816443
1brs	-79.26	27299.16	298.15	0.050899439226926635	15.175667805508175	-64.08433219449184
2btf	-32.18	22070.0	298.15	0.04879148743447415	14.547181978588467	-17.63281802141153
1vfb	-48.62	15054.35	298.15	0.04551997422678272	13.571780315715268	-35.04821968428473
1hrt	-65.77	17389.4	298.15	0.046680239806429644	13.917713498286997	-51.852286501712996
1ppe	-65.77	10125.58	298.15	0.04272828660896666	12.739438652463408	-53.03056134753659
2mta	-30.52	31521.71	298.15	0.052457679310204786	15.640257086337556	-14.879742913662444
1nca	-46.12	33750.75	298.15	0.053238158274699826	15.872956889601753	-30.247043110398245
1smf	-39.5	9767.44	298.15	0.04250116154603243	12.671721314949568	-26.82827868505043
1ihs	-54.35	12183.2	298.15	0.04396177639127629	13.107203631059026	-41.24279636894097
1nsn	-57.08	26070.76	298.15	0.050423813551832085	15.033860010478735	-42.046139989521265
1bql	-39.95	24730.28	298.15	0.04989181942407481	14.875245961287902	-25.0747540387121
1nma	-44.83	25824.82	298.15	0.050327250674894526	15.005069788719801	-29.824930211280197
1mlc	-40.19	48219.09	298.15	0.05777598675114891	17.225910449855046	-22.96408955014495
1rlb	-34.8	38346.21	298.15	0.05476972668399875	16.329594010834228	-18.47040598916577
1mah	-60.51	22684.78	298.15	0.049051416745218714	14.624679902586958	-45.88532009741304
1mtn	-45.79	24117.62	298.15	0.04964387741765866	14.801322052074928	-30.98867794792507
1tbr	-72.48	35405.97	298.15	0.05380116635797498	16.04081774963024	-56.43918225036977
1tbq	-72.48	36606.93	298.15	0.05420146441850162	16.160166616376255	-56.319833383623745
1dit	-68.49	12866.29	298.15	0.04434784443740592	13.222309819012574	-55.26769018098742
1efn	-36.64	16544.21	298.15	0.046269829747111677	13.795349739101345	-22.844650260898653
1akj	-22.26	28359.1	298.15	0.05130130512433451	15.295484122820334	-6.964515877179668
1ak4	-27.22	29488.74	298.15	0.05172141431859353	15.420739679088658	-11.79926032091134
1gua	-42.23	12168.26	298.15	0.04395321325000087	13.10465053048776	-29.125349469512237
1ycs	-42.94	18252.48	298.15	0.0470891684993741	14.039635588088386	-28.90036441191161
1bth	-45.66	30725.39	298.15	0.05217219520029534	15.555139998968055	-30.10486000103194
1hia	-45.01	24321.5	298.15	0.04972673313045016	14.826025482843715	-30.183974517156283
1cbw	-44.5	23969.37	298.15	0.04958340930481718	14.78329348423124	-29.71670651576876
1toc	-68.49	69762.09	298.15	0.0634094812889994	18.90553684631517	-49.58446315368482
1dhk	-59.68	24052.32	298.15	0.04961726586453882	14.793387817512249	-44.88661218248775
1dfj	-75.51	23556.12	298.15	0.04941385896724296	14.732742051083486	-60.77725794891652
1fle	-46.93	13226.87	298.15	0.04454750562811371	13.2818388030221	-33.648161196977895
1ca0	-46.51	25327.5	298.15	0.050130573762314876	14.946430567234179	-31.563569432765817
1b27	-79.91	26500.31	298.15	0.05059138072106871	15.083820161986635	-64.82617983801336
1wej	-41.22	24032.04	298.15	0.0496089938548616	14.790921517826986	-26.42907848217301
1a22	-54.04	17806.89	298.15	0.046879284345018896	13.977058627467382	-40.06294137253262
1a3b	-54.35	12791.61	298.15	0.044306144134601745	13.20987687373151	-41.14012312626849
1b2u	-39.95	27551.18	298.15	0.05099568717617978	15.204364131578	-24.745635868422003
1xdt	-45.66	25941.6	298.15	0.05037315881251604	15.018757299951657	-30.641242700048338
1b3s	-56.69	27865.96	298.15	0.05111528735300564	15.24002292429863	-41.44997707570137
1jrh	-44.79	22793.84	298.15	0.04909715790373007	14.63831762899712	-30.151682371002877
1axi	-44.83	18603.43	298.15	0.04725267747336627	14.088385788684151	-30.74161421131585
1avz	-27.4	13955.35	298.15	0.044942744058572376	13.399679141063352	-14.000320858936647
1a2k	-38.95	37656.93	298.15	0.05454609704209612	16.262918833100958	-22.687081166899045
1b2s	-55.96	28622.77	298.15	0.05140010093434141	15.32494009357389	-40.63505990642611
1wq1	-27.22	21407.24	298.15	0.04850718347020962	14.462416751642996	-12.757583248357003
2vir	-51.37	30305.37	298.15	0.05202012534024272	15.509800370193366	-35.86019962980663
2jel	-48.82	23208.24	298.15	0.04926997249608831	14.68984229970873	-34.13015770029127
1avg	-65.77	28681.26	298.15	0.05142195509284808	15.331455910932654	-50.43854408906734
2vis	-30.81	30201.48	298.15	0.05198234928300431	15.498537438727734	-15.311462561272265
1avx	-75.47	17986.42	298.15	0.046964159867202385	14.00236426440639	-61.46763573559361
1buh	-40.6	17871.19	298.15	0.04690973210905483	13.986136628314696	-26.613863371685305
1kig	-55.62	16103.38	298.15	0.04605160677315514	13.730286559416204	-41.88971344058379
1an1	-51.63	11206.17	298.15	0.04339024719712074	12.936802201821548	-38.69319779817845
1ldt	-49.91	11694.2	298.15	0.04367871338978926	13.022808397165667	-36.88719160283433
1fmo	-49.3	16668.78	298.15	0.046330966903401646	13.8135777822492	-35.4864222177508
1ahw	-48.34	55538.8	298.15	0.059809743373601856	17.83227498683939	-30.507725013160613
1azz	-53.04	28009.68	298.15	0.05116966886845423	15.256236773129627	-37.78376322687037
1bvn	-63.05	20314.95	298.15	0.048028843556922884	14.319799706496557	-48.730200293503444
1ugh	-64.05	13034.73	298.15	0.044441456990207046	13.25022040163023	-50.79977959836977
1vpp	-30.75	14568.22	298.15	0.04526733506542645	13.496455949756895	-17.253544050243107
1b6c	-37.4	77955.3	298.15	0.06531691945795953	19.474239536390634	-17.925760463609365
1ibr	-54.35	54584.98	298.15	0.05955265944039555	17.755625412153933	-36.59437458784607
1flt	-50.61	20924.56	298.15	0.04829734844178249	14.399854437917448	-36.21014556208255
1uug	-33.6	27130.32	298.15	0.050834709501214555	15.156368637787118	-18.443631362212884
1lfd	-32.66	23906.98	298.15	0.04955790581836409	14.775689619745252	-17.884310380254746
1kac	-44.69	13856.47	298.15	0.04488971188438513	13.383867598329427	-31.30613240167057
1sbb	-22.0	44814.35	298.15	0.05677740838841579	16.928184311006166	-5.0718156889938335
1bvk	-44.83	31849.67	298.15	0.05257420474789754	15.674999145585652	-29.155000854414347
1eer	-51.37	29685.89	298.15	0.051793903734760324	15.44235239851879	-35.92764760148121
1tba	-51.37	14609.5	298.15	0.045288950258274764	13.50290051950462	-37.867099480495376
1ay7	-34.25	9506.55	298.15	0.04233307747482355	12.62160704911864	-21.62839295088136
1cn4	-34.25	29756.99	298.15	0.05181998716773224	15.450129174059366	-18.799870825940634
1qa9	-34.25	23587.25	298.15	0.04942668268130202	14.736565441430196	-19.513434558569806
1bj1	-48.34	47096.6	298.15	0.05745078505252627	17.128951563410705	-31.211048436589298
1grn	-36.59	18058.8	298.15	0.04699825873435276	14.012530841647274	-22.577469158352727
1qfu	-48.65	41651.47	298.15	0.05581518003036198	16.641295926052425	-32.00870407394757
1vrk	-46.62	10119.82	298.15	0.04272466581093586	12.738359111530526	-33.88164088846947
1qse	-29.35	38249.97	298.15	0.054738624052279056	16.320320761187	-13.029679238813003
1qur	-71.56	14812.54	298.15	0.0453948251045603	13.534467104924651	-58.02553289507535
1fak	-53.64	25977.08	298.15	0.05038708610861298	15.022909723282957	-38.61709027671704
1cmx	-32.93	22007.7	298.15	0.04876494604308789	14.539268662746654	-18.390731337253346
1es0	-42.23	18020.43	298.15	0.046980190811648725	14.007143890493067	-28.222856109506928
1fg9	-57.08	45674.32	298.15	0.05703311154861756	17.004422208220323	-40.07557779177968
1cz8	-56.84	45714.5	298.15	0.05704499953780735	17.00796661219726	-39.83203338780274
1g9i	-39.5	11755.42	298.15	0.04371447118922199	13.033469585066536	-26.466530414933466
1d6r	-56.43	12492.84	298.15	0.044138084735918084	13.159769964013975	-43.270230035986025
1fsk	-54.91	105545.94	298.15	0.07109422149159172	21.196742137718072	-33.71325786228192
1ffx	-38.24	72700.73	298.15	0.06410588922752197	19.113170873185673	-19.12682912681433
1dee	-36.52	60551.23	298.15	0.06112586834130094	18.224677645958874	-18.29532235404113
1e4k	-32.93	32717.03	298.15	0.05287952097400643	15.766029178400016	-17.16397082159998
1qfw	-45.66	31217.12	298.15	0.05234891317268023	15.60782846243461	-30.052171537565386
1qty	-62.78	38883.33	298.15	0.05494259970412066	16.381136101783575	-46.398863898216426
1du3	-44.51	63244.68	298.15	0.061810609550902985	18.428833237601722	-26.081166762398276
1e96	-31.78	17850.27	298.15	0.04689983195182722	13.983184896437283	-17.796815103562718
1dqj	-48.82	24656.71	298.15	0.04986220934337366	14.866417715726856	-33.953582284273146
1ees	-43.94	14956.12	298.15	0.04546925725430927	13.556659050372307	-30.38334094962769
1emv	-77.74	11764.06	298.15	0.0437195101953386	13.034971964740203	-64.70502803525979
1de4	-43.49	123935.38	298.15	0.07453050729556088	22.221270750171474	-21.268729249828528
1e6j	-43.02	32671.97	298.15	0.05286375997074847	15.761330035278656	-27.25866996472135
1djs	-42.16	17632.47	298.15	0.046796413902973455	13.952350805171534	-28.207649194828463
1dzb	-35.87	29794.78	298.15	0.05183383795854499	15.454258787340187	-20.41574121265981
1f3v	-29.15	16714.01	298.15	0.04635310857299003	13.820179321036976	-15.329820678963022
1g6v	-40.77	16387.58	298.15	0.04619263042251011	13.772332760471388	-26.997667239528617
1eo8	-45.95	42284.08	298.15	0.056010484040094295	16.699525816554114	-29.25047418344589
1efx	-28.67	39702.79	298.15	0.055204059990406305	16.45909048613964	-12.210909513860361
1clv	-51.37	16074.4	298.15	0.046037156855253364	13.725978316393789	-37.64402168360621
1ezu	-57.63	30890.68	298.15	0.05223175386693546	15.572897415426807	-42.057102584573194
1ezs	-55.62	29287.97	298.15	0.051647344409880856	15.398655735805976	-40.22134426419402
1dp5	-51.63	15792.35	298.15	0.0458958359327215	13.683843483340913	-37.94615651665909
1c9t	-51.37	68704.84	298.15	0.06315535311228038	18.829768530426392	-32.540231469573605
1c9p	-51.37	13539.57	298.15	0.04471846187616084	13.332809408377353	-38.03719059162265
1icf	-67.18	28854.24	298.15	0.051486457130015637	15.35068719331416	-51.82931280668585
1dpj	-48.65	14815.58	298.15	0.0453964047751415	13.534938083708438	-35.11506191629156
1fy8	-28.8	13240.64	298.15	0.04455507609049159	13.284095936380067	-15.515904063619933
1hqr	-39.95	26484.35	298.15	0.050585179134513256	15.081971158955126	-24.868028841044875
1i4e	-39.5	27020.54	298.15	0.050792514037508785	15.143788060283242	-24.356211939716758
1hez	-39.03	40043.77	298.15	0.05531205878627813	16.491290327128823	-22.538709672871178
1f34	-57.08	19808.99	298.15	0.04780291661498194	14.252439588756864	-42.827560411243134
1i8l	-38.24	35258.8	298.15	0.053751648363850456	16.026053959682013	-22.21394604031799
1hxy	-53.09	26216.01	298.15	0.050480628896593965	15.050799505519489	-38.03920049448051
1g5j	-52.64	11780.84	298.15	0.04372929131455808	13.03788820543549	-39.60211179456451
1e6e	-34.62	44893.06	298.15	0.05680091341726994	16.935192335359034	-17.684807664640964
1ffw	-33.79	19856.73	298.15	0.04782435636986648	14.25883185167569	-19.53116814832431
1iqd	-61.95	25097.19	298.15	0.050038838289681364	14.919079636068497	-47.03092036393151
1gcq	-27.25	10228.99	298.15	0.04279311689933302	12.758767803536138	-14.491232196463862
1e3u	-34.25	37428.44	298.15	0.054471514869333285	16.24068215829172	-18.00931784170828
1i2m	-66.22	39558.11	298.15	0.05515809531741224	16.445386118886457	-49.77461388111354
1he8	-31.97	40860.58	298.15	0.055568912374209425	16.56787122437054	-15.40212877562946
1hcf	-54.71	21895.57	298.15	0.04871708096899727	14.524997690906535	-40.18500230909346
1fe8	-32.53	70222.8	298.15	0.0635196181362497	18.938374147322847	-13.591625852677154
1ewy	-31.09	31254.09	298.15	0.052362143010006884	15.611772938433552	-15.478227061566448
1ib1	-19.73	67893.95	298.15	0.06295911406576335	18.771259858707342	-0.9587401412926582
1j7v	-59.68	22357.48	298.15	0.04891347879159198	14.583553701713148	-45.09644629828685
1i4d	-31.52	29127.29	298.15	0.05158788178585384	15.380926954452322	-16.139073045547676
1i5k	-42.1	13529.25	298.15	0.04471285152511232	13.331136682212238	-28.768863317787762
1jiw	-65.06	22928.04	298.15	0.04915329318942306	14.655054364426485	-50.40494563557352
1fqj	-40.95	42029.17	298.15	0.05593196328857497	16.676114854488628	-24.273885145511375
1j7d	-32.53	15179.94	298.15	0.04558457699137195	13.591041629977546	-18.938958370022455
1jtg	-56.84	32537.97	298.15	0.05281682537076532	15.747336484293678	-41.09266351570633
1gl1	-56.43	33474.19	298.15	0.05314275350946814	15.844511958847926	-40.585488041152075
1gl0	-51.92	11257.85	298.15	0.04342108788437063	12.945997352725103	-38.9740026472749
1i3o	-51.44	30042.42	298.15	0.05192438642242925	15.481255811847278	-35.95874418815272
1eja	-51.37	13183.49	298.15	0.04452363040014445	13.274720403803066	-38.09527959619693
1id5	-50.36	20670.71	298.15	0.04818602100515668	14.366662162687463	-35.99333783731254
1f7z	-28.01	11758.32	298.15	0.04371616272869347	13.033973917559956	-14.976026082440045
3tgk	-28.09	12070.1	298.15	0.04389681978007918	13.087836817430606	-15.002163182569394
1jtd	-60.3	19073.04	298.15	0.04746907667851968	14.15290521170064	-46.147094788299356
1f5r	-23.9	12842.37	298.15	0.0443345010377062	13.218331484392102	-10.681668515607896
1gpw	-44.07	56064.8	298.15	0.059950572615561123	17.874263225329546	-26.195736774670454
1jmo	-39.61	32621.97	298.15	0.05284625833697938	15.756111923170401	-23.853888076829598
1jps	-57.08	27528.55	298.15	0.05098706268156647	15.201792738509042	-41.87820726149096
1lm8	-38.0	22278.16	298.15	0.04887989830481086	14.573541679579357	-23.426458320420643
1lzw	-36.99	12760.89	298.15	0.04428895517523937	13.204751985497618	-23.785248014502386
1l2w	-54.35	49998.23	298.15	0.058283770611430155	17.3773062077979	-36.9726937922021
1i51	-35.39	20031.53	298.15	0.047902638911624176	14.282171791500748	-21.107828208499253
1go4	-34.15	61394.44	298.15	0.061341841681688075	18.2890700973953	-15.860929902604699
1jwh	-45.09	57680.38	298.15	0.06037904014283532	18.00201081858635	-27.087989181413654
1l4z	-38.28	18021.46	298.15	0.04698067607605774	14.007288572076614	-24.272711427923387
1l4d	-38.28	18008.14	298.15	0.04697439954755396	14.005417225103212	-24.27458277489679
1kxp	-51.37	33907.75	298.15	0.05329214459855511	15.889052912059205	-35.48094708794079
1mxe	-68.49	18968.08	298.15	0.0474209437172617	14.138554369301575	-54.35144563069842
1k5d	-34.25	116720.56	298.15	0.07321491594345637	21.829027188541517	-12.420972811458483
1k93	-43.94	93507.07	298.15	0.06867962150797238	20.476829152601965	-23.463170847398032
1ktk	-26.82	64229.22	298.15	0.062057253781320695	18.502370214900765	-8.317629785099236
1i8k	-43.71	11027.24	298.15	0.04328291534264975	12.904801209411021	-30.80519879058898
1kxt	-37.84	85876.31	298.15	0.06706778871203406	19.996261204492953	-17.84373879550705
1ijk	-43.6	19772.63	298.15	0.047786570214631036	14.247565909492241	-29.35243409050776
1kgy	-43.39	56296.65	298.15	0.0600124374218423	17.89270821732228	-25.49729178267772
1kxv	-43.39	43998.76	298.15	0.05653262444614177	16.855201978617167	-26.534798021382834
1lj2	-26.08	16784.34	298.15	0.04638747814643852	13.830426609360643	-12.249573390639355
1ktz	-37.31	11572.0	298.15	0.043607056992604976	13.001444042345172	-24.308555957654832
1lw6	-66.77	13988.91	298.15	0.044960700518358085	13.405032859548461	-53.36496714045153
1kxq	-48.26	81884.98	298.15	0.06619612796971522	19.73637555417059	-28.52362444582941
1lqb	-42.86	18307.71	298.15	0.0471150039439084	14.047338425876289	-28.81266157412371
1kbh	-42.63	6815.1	298.15	0.0404422985975311	12.057871326853897	-30.572128673146103
1h59	-42.42	6833.39	298.15	0.04045630144936535	12.062046277128278	-30.357953722871724
1gng	-42.29	35228.11	298.15	0.053741309146717244	16.022971322093746	-26.267028677906254
1kkl	-41.93	35409.13	298.15	0.053802228467099464	16.041134417465702	-25.888865582534297
1eaw	-58.81	25346.75	298.15	0.05013822236444915	14.948710997960513	-43.86128900203949
1lqs	-47.93	34432.13	298.15	0.05347155895972826	15.942545303842978	-31.987454696157023
1gxd	-47.28	80085.84	298.15	0.06579627690137621	19.617159958145315	-27.662840041854686
1m10	-47.01	20808.95	298.15	0.04824673121411065	14.384762911487089	-32.62523708851291
1jsp	-24.55	20528.78	298.15	0.04812347869477601	14.348015172847466	-10.201984827152534
1l0x	-29.8	41498.81	298.15	0.055767828003151526	16.627177919139626	-13.172822080860374
1l8c	-46.55	10623.87	298.15	0.043037711455619805	12.831693670493044	-33.71830632950695
1m1e	-51.37	25536.72	298.15	0.050213547932018265	14.971169315931245	-36.398830684068756
1k2d	-24.55	24067.79	298.15	0.04962357357873433	14.795268462499639	-9.754731537500362
1ob1	-55.36	49458.5	298.15	0.058130694978972705	17.33166670798071	-38.02833329201929
1jgn	-36.85	18939.22	298.15	0.047407685658926633	14.134601479208975	-22.715398520791027
1ogy	-53.09	229036.49	298.15	0.09053580626373123	26.993250637531464	-26.09674936246854
1op9	-52.25	11857.55	298.15	0.04377391738032431	13.051193466943692	-39.198806533056306
1p27	-52.25	22256.0	298.15	0.048870506087543064	14.570741390000963	-37.67925860999904
1p9m	-51.92	36154.37	298.15	0.05405140162235873	16.115425393706253	-35.80457460629375
1lx5	-50.92	13179.87	298.15	0.044521636271439936	13.274125854329816	-37.645874145670184
1p3q	-33.79	13165.39	298.15	0.04451365701675494	13.271746839545486	-20.518253160454513
1n64	-50.72	20984.3	298.15	0.04832344945691176	14.40763645557824	-36.31236354442176
1j2j	-33.41	11314.78	298.15	0.043454979747290595	12.95610221165469	-20.45389778834531
1jh4	-33.24	26481.27	298.15	0.05058398212202877	15.081614269682877	-18.158385730317125
1mzw	-32.57	11428.54	298.15	0.04352244948224988	12.976218313132799	-19.593781686867203
1oqe	-39.74	69893.58	298.15	0.06344095213955488	18.914919880408284	-20.825080119591718
1nys	-45.66	20199.19	298.15	0.047977403594512746	14.304462881703975	-31.35553711829602
1nyu	-45.66	19517.89	298.15	0.047671622449565854	14.213294233338058	-31.44670576666194
1mi5	-28.54	40383.51	298.15	0.05541920848492336	16.523237009779898	-12.016762990220101
1p9d	-27.91	8989.4	298.15	0.04199293125136636	12.52019245259488	-15.38980754740512
1uad	-39.17	23039.86	298.15	0.049199941666578054	14.668962607890245	-24.501037392109758
1otr	-21.74	9023.88	298.15	0.04201590945372009	12.527043403626644	-9.212956596373354
1pjm	-38.5	18940.36	298.15	0.0474082095575622	14.134757679587167	-24.365242320412833
1mhh	-51.37	44198.05	298.15	0.056592645599864634	16.873097285599638	-34.49690271440036
1o9a	-34.25	14785.63	298.15	0.045380834827797874	13.530295903907936	-20.719704096092066
1m5n	-49.53	25905.11	298.15	0.050358825113448955	15.014483707574804	-34.5155162924252
1psb	-26.82	19072.34	298.15	0.047468756109122365	14.152809633934831	-12.667190366065169
1pjn	-43.71	19079.72	298.15	0.047472135530609874	14.153817208451333	-29.556182791548668
1h1v	-43.6	35256.46	298.15	0.05375086019494873	16.02581896712396	-27.57418103287604
1q0w	-20.31	9256.21	298.15	0.04216960804627659	12.572868638997365	-7.737131361002634
1r0r	-60.11	12794.38	298.15	0.04430769303556656	13.210338678554168	-46.89966132144583
1uex	-49.65	20436.67	298.15	0.04808277412345793	14.335879104908981	-35.314120895091015
1lp1	-32.53	12433.19	298.15	0.04410429154548359	13.149694524285932	-19.380305475714067
1p4l	-31.52	24588.63	298.15	0.04983476947181388	14.858236518021307	-16.661763481978692
1ozs	-25.73	10843.59	298.15	0.043171842695689924	12.87168489971995	-12.85831510028005
1mq8	-31.52	39884.66	298.15	0.05526172123985221	16.476282187661933	-15.043717812338066
1q68	-36.52	14388.33	298.15	0.045172780892110714	13.468264622982808	-23.051735377017195
1p22	-36.07	25165.88	298.15	0.050066242298945754	14.927250141430676	-21.142749858569324
1oey	-47.93	41595.49	298.15	0.055797826265016975	16.63612190091481	-31.29387809908519
1o95	-30.26	78334.72	298.15	0.06540276147421271	19.499833333536518	-10.760166666463483
1h0t	-29.8	8455.52	298.15	0.04163135073841383	12.412387222658081	-17.38761277734192
1pvh	-40.51	38081.49	298.15	0.05468408069991669	16.30405866068016	-24.20594133931984
1p1z	-23.38	23708.82	298.15	0.04947668144217592	14.75147257198475	-8.628527428015248
1q69	-34.51	10666.03	298.15	0.04306355541190835	12.839399046060475	-21.670600953939523
1nez	-28.54	28525.8	298.15	0.0513638198831576	15.314122898163438	-13.225877101836561
1oc0	-51.37	17846.59	298.15	0.04689808983287756	13.982665483672443	-37.387334516327556
1nvu	-31.07	34921.07	298.15	0.0536376208616688	15.992056659906552	-15.077943340093448
1nf3	-41.67	33897.44	298.15	0.05328860322131836	15.887997050436068	-25.782002949563932
1oph	-47.38	23779.88	298.15	0.04950584732842949	14.760168380971251	-32.61983161902875
1o94	-30.26	69980.46	298.15	0.06346172978194642	18.921114734487322	-11.33888526551268
1nw9	-45.01	15164.32	298.15	0.04557655674403044	13.588650393232674	-31.421349606767322
1pxv	-54.27	27333.34	298.15	0.05091251873878419	15.179567461968505	-39.0904325380315
1p0s	-62.55	25693.39	298.15	0.05027545905768843	14.989628118049804	-47.56037188195019
1nb5	-58.0	57883.51	298.15	0.0604324852747849	18.017945484677117	-39.982054515322886
1mcv	-40.0	12217.3	298.15	0.0439813017991888	13.11302513142814	-26.886974868571862
1oyv	-45.92	24192.26	298.15	0.04967425119286627	14.810377993153077	-31.109622006846926
1rpq	-44.5	46224.18	298.15	0.057195346660780036	17.052792606911567	-27.447207393088433
1xxf	-39.95	33209.2	298.15	0.05305096961084284	15.817146589472792	-24.13285341052721
1rv6	-39.16	20103.69	298.15	0.04793485544965445	14.291777152314474	-24.868222847685523
1xx9	-50.36	35315.49	298.15	0.053770734948671656	16.03174462494645	-34.328255375053544
1xu1	-48.69	21642.09	298.15	0.048608423898869026	14.4926015854478	-34.1973984145522
1xxd	-37.23	34330.49	298.15	0.05343689057874359	15.9322089260524	-21.297791073947597
1v7p	-48.65	21162.06	298.15	0.04840089563037625	14.430727032196678	-34.21927296780332
1ry7	-37.89	18510.92	298.15	0.04720972748186327	14.075580248717534	-23.814419751282465
1u0s	-37.89	11756.55	298.15	0.0437151303311343	13.03366610822769	-24.85633389177231
1xqh	-38.24	27205.66	298.15	0.050863618094664206	15.164987734924132	-23.07501226507587
1pd7	-37.23	11398.05	298.15	0.04350439928319657	12.970836646285056	-24.25916335371494
1xd3	-37.23	27947.23	298.15	0.051146055897022494	15.249196565697256	-21.980803434302743
1t6b	-53.64	37885.42	298.15	0.054620453285835334	16.285088147171802	-37.354911852828195
1nl0	-50.2	21694.45	298.15	0.04863092053549689	14.499308957658396	-35.7006910423416
1tzh	-49.91	47378.16	298.15	0.05753271799150966	17.153379869168603	-32.756620130831394
1us7	-32.79	21980.5	298.15	0.04875334636804855	14.535810219633674	-18.254189780366325
1tzi	-45.66	26400.74	298.15	0.05055266016845508	15.072275629224881	-30.587724370775113
1xr0	-28.54	11414.12	298.15	0.04351391579076916	12.973673993017824	-15.566326006982175
1sv0	-45.4	17686.81	298.15	0.04682227570811987	13.96006150237594	-31.43993849762406
1vet	-45.05	13708.99	298.15	0.04481026130762047	13.360179408867042	-31.689820591132957
1veu	-45.05	11319.01	298.15	0.04345749456622591	12.956852004920254	-32.09314799507975
1q5w	-22.26	7556.09	298.15	0.040995337193556185	12.222759784258775	-10.037240215741226
1tdq	-45.21	20701.5	298.15	0.04819956043425225	14.370698943472307	-30.839301056527695
1r8u	-45.01	19248.82	298.15	0.04754939087262005	14.176850888671666	-30.833149111328332
1syq	-44.71	16036.09	298.15	0.04601803483577184	13.720277086285373	-30.98972291371463
1w72	-44.83	70845.38	298.15	0.06366787905407764	18.98257813997325	-25.84742186002675
1sb0	-27.53	43085.73	298.15	0.05625588848239571	16.77269315102628	-10.75730684897372
1tzn	-55.76	437662.59	298.15	0.11368154778683291	33.89415347264423	-21.86584652735577
1sg1	-38.42	27924.03	298.15	0.05113727702425267	15.246579144780933	-23.17342085521907
1t44	-34.25	21188.92	298.15	0.04841256961969187	14.43420763211113	-19.815792367888868
1th1	-49.53	48068.31	298.15	0.05773252530874172	17.212952420801344	-32.31704757919866
1sy6	-31.76	28341.8	298.15	0.05129480687867349	15.2935466708765	-16.466453329123503
1xt9	-38.24	12860.81	298.15	0.04434478860074278	13.221398721311457	-25.018601278688543
1vyt	-43.94	31935.46	298.15	0.052604587145090705	15.684057657308792	-28.255942342691206
1w1w	-20.46	66891.36	298.15	0.06271485534126661	18.698434119998637	-1.7615658800013634
1u7v	-37.26	25885.8	298.15	0.05035123583471038	15.012220964118898	-22.247779035881102
1usu	-31.29	20085.69	298.15	0.047926824593329406	14.289382752501162	-17.000617247498838
1usv	-31.29	81300.55	298.15	0.06606672704862475	19.697794669547466	-11.592205330452533
1uel	-31.21	58071.59	298.15	0.06048188708069105	18.032674633108034	-13.177325366891967
1tlh	-20.11	12196.96	298.15	0.043969658549871574	13.109553696644209	-7.00044630335579
1sq0	-42.94	20152.6	298.15	0.04795665893199512	14.298277860574343	-28.641722139425653
1p6a	-42.56	14224.19	298.15	0.04508598820097642	13.442387382121119	-29.117612617878883
1rkc	-42.29	15816.34	298.15	0.04590790495319858	13.687441861796156	-28.602558138203843
1t01	-42.29	17772.78	298.15	0.04686311003344282	13.972236256470975	-28.317763743529024
1p4b	-59.35	11127.47	298.15	0.04334314505654495	12.922758698608876	-46.42724130139113
1oyh	-42.1	35338.27	298.15	0.053778400282609426	16.03403004426	-26.06596995574
1rvj	-30.81	29502.79	298.15	0.05172658831938415	15.422282307424382	-15.387717692575617
1rke	-41.67	21242.31	298.15	0.048435752222244687	14.441119525062252	-27.22888047493775
1u7f	-41.3	27759.41	298.15	0.05107487983358387	15.22797542238303	-26.072024577616965
1vg0	-47.38	27365.98	298.15	0.0509250013142174	15.183289141833917	-32.196710858166085
1ty4	-46.77	18939.61	298.15	0.047407864889181556	14.13465491670948	-32.635345083290524
1s4y	-46.59	22925.01	298.15	0.04915202756890246	14.654677019668268	-31.935322980331733
1u0i	-40.84	4818.09	298.15	0.038780059225312774	11.562274658027002	-29.277725341973003
1p69	-40.63	14286.99	298.15	0.045119253949848184	13.452305565147235	-27.177694434852768
1shy	-40.22	33583.47	298.15	0.05318049870041626	15.855765687529107	-24.36423431247089
1p2c	-57.13	47232.02	298.15	0.05749022226174244	17.140709767338507	-39.989290232661496
1s1q	-18.84	23144.96	298.15	0.04924368363905414	14.68200427698399	-4.157995723016009
1nm5	-41.22	35733.38	298.15	0.053910961503042906	16.07355317213224	-25.14644682786776
1tm7	-65.53	13862.41	298.15	0.044892903007808786	13.38481903177819	-52.14518096822181
1tm1	-65.77	14052.29	298.15	0.04499455367791919	13.415126179071606	-52.35487382092839
1tm5	-61.47	13834.91	298.15	0.04487812353759707	13.380412532734566	-48.08958746726543
1tm3	-61.19	13790.89	298.15	0.044854435027963865	13.373349803587425	-47.816650196412574
1tm4	-56.43	13641.87	298.15	0.04477396087716493	13.349356435526724	-43.08064356447328
1to1	-53.29	13816.75	298.15	0.044868355658915345	13.37750023970561	-39.91249976029439
1tt5	-26.58	78241.32	298.15	0.06538164948105162	19.49353879277554	-7.08646120722446
1uuz	-43.39	24638.46	298.15	0.04985485734020771	14.864225715982927	-28.525774284017075
1te1	-48.34	20737.52	298.15	0.04821538690228676	14.375417604916796	-33.964582395083205
1ta3	-45.92	21103.36	298.15	0.04837535741148999	14.42311281223574	-31.496887187764262
1zjd	-52.48	14257.76	298.15	0.04510377965940976	13.447691905453018	-39.03230809454698
1yc0	-49.65	14139.16	298.15	0.045040829764344786	13.428923394239398	-36.2210766057606
2ass	-46.93	25524.27	298.15	0.05020861994298473	14.969700036000896	-31.960299963999105
1vyh	-40.51	220770.96	298.15	0.08943345320608588	26.664584073394504	-13.845415926605494
1z7x	-88.68	40428.79	298.15	0.05543345513295431	16.527484647890326	-72.15251535210967
1zhi	-38.24	18907.6	298.15	0.04739314807618218	14.130267098913716	-24.109732901086286
1r6q	-36.99	24666.68	298.15	0.04986622460358284	14.867614865558222	-22.122385134441778
1wlp	-35.35	10408.73	298.15	0.042905025377735606	12.79213331637187	-22.55786668362813
1zm4	-34.3	135282.1	298.15	0.07652433341811574	22.815730008611204	-11.484269991388793
1y8n	-33.86	24651.84	298.15	0.04986024773259387	14.865832861472862	-18.99416713852714
2c1m	-51.13	20666.73	298.15	0.04818427012557831	14.366140137941173	-36.76385986205883
1ze3	-33.79	21297.27	298.15	0.04845958612753817	14.448225603925506	-19.34177439607449
1uwx	-33.08	47567.5	298.15	0.05758767840902891	17.16976631765197	-15.910233682348029
1ydi	-49.94	16874.13	298.15	0.04643125314758433	13.843478125952268	-36.09652187404773
2b4j	-45.45	20650.75	298.15	0.048177238514141796	14.364043662991376	-31.085956337008625
2b0z	-22.83	21648.9	298.15	0.048611351374900205	14.493474412426496	-8.336525587573503
1v18	-45.66	23581.85	298.15	0.04942445880841986	14.735902393730381	-30.924097606269616
1z92	-45.66	14025.8	298.15	0.04498041387946274	13.410910398161816	-32.24908960183818
2ajf	-45.66	70305.41	298.15	0.06353932855618907	18.94425080902777	-26.715749190972225
2b5i	-62.78	33379.88	298.15	0.05311012938085809	15.834785074902838	-46.94521492509716
2b10	-28.54	33659.75	298.15	0.053206809345534775	15.863610206371192	-12.676389793628807
1wa8	-45.43	17267.28	298.15	0.04662156671315914	13.900220115528397	-31.5297798844716
1x1y	-27.95	29070.34	298.15	0.051566767027072	15.374631589121515	-12.575368410878484
2a7u	-39.5	7777.93	298.15	0.04115557618413321	12.270535039299315	-27.229464960700685
2aep	-45.21	28675.18	298.15	0.05141968440477123	15.330778905282541	-29.879221094717458
1x1u	-44.97	31644.43	298.15	0.05250135284821782	15.653278351696141	-29.316721648303858
2bnr	-27.83	38347.75	298.15	0.05477022406035117	16.3297423035937	-11.500257696406297
1wdw	-44.77	131986.19	298.15	0.07595409709699452	22.645714049468914	-22.12428595053109
1wr1	-27.57	12437.93	298.15	0.04410697983269275	13.150496037117342	-14.419503962882658
1t63	-27.53	13610.85	298.15	0.044757154197202116	13.344345523895809	-14.185654476104192
1x75	-44.27	21429.2	298.15	0.04851667356735545	14.465246224107027	-29.804753775892976
1y6m	-38.6	22034.28	298.15	0.04877627439083696	14.542646209628039	-24.057353790371963
1yd8	-21.36	21797.12	298.15	0.048674954350680484	14.512437639655385	-6.8475623603446145
1y6k	-51.37	22102.52	298.15	0.048805326904895856	14.551308216694698	-36.8186917833053
1yru	-51.37	19776.1	298.15	0.04778813087426557	14.248031220162279	-37.121968779837715
2bp7	-51.37	89494.54	298.15	0.06784062155937716	20.2266813179283	-31.143318682071698
2c1t	-49.65	38998.36	298.15	0.05497946676772745	16.392128016797937	-33.257871983202065
1yy9	-49.3	53131.54	298.15	0.05915655398019457	17.63752656919501	-31.662473430804987
2byk	-32.18	16197.48	298.15	0.046098437191230704	13.744249048565433	-18.435750951434567
2bym	-32.18	15463.91	298.15	0.04572967132523754	13.63430150561957	-18.54569849438043
2be6	-48.97	24634.82	298.15	0.04985339064240665	14.863788420033542	-34.106211579966455
1ri8	-48.73	11427.03	298.15	0.043521556123464485	12.975951958210935	-35.75404804178906
2b12	-26.82	19022.96	298.15	0.047446127363973925	14.146062873568825	-12.673937126431175
2bqz	-26.82	20433.91	298.15	0.04808155303064424	14.33551503608658	-12.48448496391342
1wr6	-20.76	34045.74	298.15	0.05333949099702048	15.903169240761656	-4.8568307592383455
2aw2	-43.39	23959.38	298.15	0.049579327874061455	14.782076605651422	-28.60792339434858
1t0p	-26.27	12391.87	298.15	0.044080835202501306	13.142701015625763	-13.127298984374237
1x1w	-43.26	33962.79	298.15	0.053311041160789024	15.894686922089246	-27.365313077910752
1y6n	-43.2	21526.9	298.15	0.04855883617040681	14.47781700420679	-28.72218299579321
1vrc	-25.95	18031.64	298.15	0.04698547143885032	14.00871830949322	-11.941281690506779
1z5s	-31.49	23208.75	298.15	0.049270184223302066	14.68990542617751	-16.800094573822488
1t5z	-25.58	13467.44	298.15	0.04467920433811043	13.321104773407622	-12.258895226592376
1za3	-42.63	51185.67	298.15	0.05861766447493576	17.476856663202096	-25.153143336797907
1yx5	-19.73	74980.48	298.15	0.0646365079071202	19.271374832507885	-0.4586251674921158
1xwd	-19.47	40760.64	298.15	0.05553762400850948	16.558542598137098	-2.9114574018629007
1xj7	-25.16	18908.17	298.15	0.04739341024641229	14.130345264967824	-11.029654735032176
1u5s	-14.4	9863.5	298.15	0.042562483830835364	12.690004554163563	-1.7099954458364373
1shz	-31.52	48947.34	298.15	0.05798495024115641	17.28821291440078	-14.231787085599219
1wrd	-19.34	11933.99	298.15	0.04381824301421856	13.064409154689262	-6.275590845310738
1zc3	-42.1	26461.47	298.15	0.0505762853790474	15.079319485762982	-27.02068051423702
1zc4	-42.1	28017.98	298.15	0.05117280519912276	15.25717187011845	-26.842828129881553
1yyl	-47.93	72278.04	298.15	0.06400659700705144	19.083566897652386	-28.846433102347614
1x1x	-41.53	28722.62	298.15	0.051437395364176124	15.33605942782911	-26.19394057217089
1pk1	-41.48	15528.28	298.15	0.045762375455495274	13.644052242055915	-27.835947757944083
1xg2	-47.38	18627.4	298.15	0.04726378869194129	14.091698598502294	-33.288301401497705
1y76	-30.26	12652.63	298.15	0.04422821422385817	13.186642070843313	-17.07335792915669
2b11	-30.26	47014.23	298.15	0.057426769405090346	17.121791298127686	-13.138208701872315
2b2w	-30.26	24069.08	298.15	0.04962409946978459	14.795425256916275	-15.464574743083727
2bnq	-30.26	38177.68	298.15	0.054715235786858274	16.313347549851795	-13.946652450148207
1xqs	-29.61	38826.07	298.15	0.0549242275707794	16.375658450227878	-13.234341549772122
1ul1	-41.22	79139.03	298.15	0.06558404811147828	19.553883944437246	-21.666116055562753
2a78	-41.22	17057.33	298.15	0.04652020823113316	13.870000084112352	-27.349999915887647
2a9k	-41.22	17045.51	298.15	0.04651448334038943	13.868293207937107	-27.351706792062892
2c5d	-46.93	51856.42	298.15	0.05880456074999235	17.532579787610217	-29.397420212389783
1zsg	-29.25	11306.92	298.15	0.043450305572737	12.954708606511534	-16.295291393488466
1zmy	-46.34	18233.14	298.15	0.04708011241180807	14.036935515580574	-32.30306448441943
1z0k	-29.19	19206.05	298.15	0.04752988305722545	14.171034633511766	-15.018965366488235
1yx6	-23.61	92714.91	298.15	0.0685154327510415	20.42787627472302	-3.1821237252769805
1rjc	-57.72	11423.95	298.15	0.043519733725188525	12.975408610164958	-44.74459138983504
1wve	-46.55	34758.27	298.15	0.053582457887166896	15.975609819058809	-30.574390180941187
2ast	-29.42	24904.34	298.15	0.04996169932646016	14.896080654184097	-14.523919345815905
1wqj	-34.61	9237.48	298.15	0.04215728917152175	12.569195766489209	-22.04080423351079
1yym	-28.67	71922.89	298.15	0.06392294562681725	19.05862623863556	-9.61137376136444
1wa7	-28.64	7379.85	298.15	0.04086635173367768	12.184302769396	-16.455697230604002
2ak4	-28.56	146498.66	298.15	0.07841465232757538	23.3793285914666	-5.180671408533399
1y3c	-60.51	13722.0	298.15	0.044817287201103985	13.362274179009152	-47.14772582099084
1y3b	-54.27	14092.44	298.15	0.04501595950980156	13.421508327847334	-40.84849167215267
1y1k	-54.35	14080.47	298.15	0.04500958094018617	13.419606557316506	-40.930393442683496
1y34	-52.99	13911.91	298.15	0.04491946915945738	13.392739729892217	-39.59726027010778
1y3d	-52.81	13835.16	298.15	0.04487825796254387	13.380452611532453	-39.42954738846755
1y4a	-50.92	13689.67	298.15	0.044799821620546645	13.35706681616598	-37.56293318383402
1y4d	-50.92	13027.66	298.15	0.04443753995665466	13.249052538076587	-37.67094746192342
1zli	-50.72	15449.8	298.15	0.04572249344092724	13.632161419412457	-37.087838580587544
1y33	-50.05	14005.72	298.15	0.044969686703468445	13.407712090639116	-36.64228790936088
1y48	-50.05	13741.66	298.15	0.04482789803040202	13.365437797764361	-36.68456220223564
1wpx	-49.91	23486.47	298.15	0.04938513657419003	14.724178469594756	-35.18582153040524
1zr0	-45.01	27795.29	298.15	0.05108849544182799	15.232034915981014	-29.777965084018984
2bo9	-48.65	42084.98	298.15	0.05594917493871433	16.681246507977676	-31.968753492022323
2hev	-42.86	16241.5	298.15	0.04612029776399927	13.750766778336383	-29.109233221663615
2gng	-31.52	17193.17	298.15	0.046585859037143657	13.88957387192438	-17.63042612807562
2cmr	-58.8	27922.09	298.15	0.05113654276365934	15.24636022498503	-43.553639775014965
2gww	-56.84	15472.37	298.15	0.045733973433306666	13.63558417914038	-43.20441582085962
2nyy	-56.52	71687.96	298.15	0.06386749710267944	19.042094261163875	-37.47790573883613
2a6i	-39.5	19818.51	298.15	0.04780719405184321	14.253714906557052	-25.24628509344295
2nz9	-56.31	144573.13	298.15	0.07809542680962504	23.284151503289706	-33.025848496710296
2a6d	-38.95	41044.48	298.15	0.05562638640151982	16.585007105613133	-22.36499289438687
1zvy	-57.08	11581.45	298.15	0.04361261179935724	13.003100207978362	-44.076899792021635
2cjs	-39.95	20371.02	298.15	0.04805370654464063	14.327212606284604	-25.6227873937154
2a6k	-38.11	40585.1	298.15	0.055482574438231305	16.54212956875866	-21.56787043124134
2d1k	-37.89	27820.0	298.15	0.05109786719078495	15.234829102932531	-22.65517089706747
2f6a	-38.24	63678.26	298.15	0.06191946365464182	18.46128808863146	-19.778711911368543
2dx5	-19.87	10241.95	298.15	0.04280121869198398	12.761183353015022	-7.1088166469849785
2gl7	-36.18	47544.92	298.15	0.057581129781065894	17.167813844224796	-19.012186155775204
2b7c	-36.52	22791.01	298.15	0.04909597235021039	14.637964156215226	-21.882035843784777
2hfg	-52.64	21051.99	298.15	0.04835297904973468	14.416440703678393	-38.22355929632161
2f5z	-51.99	184927.06	298.15	0.0843951556666584	25.162415662014197	-26.827584337985805
2fu5	-52.25	26703.41	298.15	0.050670136912947625	15.107301320595333	-37.14269867940467
2ixq	-35.13	14727.18	298.15	0.04535040325203218	13.521222729593392	-21.608777270406613
1yk0	-51.47	35210.26	298.15	0.05373529355200816	16.02117777253123	-35.44882222746877
2f9z	-34.51	31903.72	298.15	0.052593351234378666	15.680707670529998	-18.82929232947
2b42	-51.2	21290.55	298.15	0.0484566735897886	14.44735723079547	-36.752642769204535
2j1k	-51.13	137795.86	298.15	0.07695459253363829	22.944011763904253	-28.18598823609575
2g2u	-33.69	16966.64	298.15	0.0464762325790819	13.856888743453267	-19.83311125654673
2i32	-33.6	18144.07	298.15	0.0470383426424051	14.024481858833079	-19.575518141166924
2fjg	-50.36	46991.67	298.15	0.05742018818316169	17.119829106809657	-33.24017089319034
2d10	-50.05	62911.57	298.15	0.061726725642587195	18.40382325033737	-31.646176749662626
2b2x	-49.78	51959.04	298.15	0.05883304770571436	17.541073173458734	-32.23892682654127
2iy0	-45.49	22887.19	298.15	0.049136223242844966	14.649964959854225	-30.84003504014578
2f31	-39.9	12551.16	298.15	0.04417104653862939	13.169597525492351	-26.73040247450765
2hth	-22.71	12216.74	298.15	0.043980981367557855	13.112929594737373	-9.597070405262627
2c0l	-39.74	18505.9	298.15	0.047207393759660404	14.074884449442749	-25.665115550557253
1zv5	-45.66	10849.09	298.15	0.04317518273118062	12.872680731301502	-32.787319268698496
2erj	-62.78	70885.25	298.15	0.06367735143980298	18.985402331777255	-43.79459766822275
2aq2	-45.43	15911.41	298.15	0.045955643515696885	13.701675114205026	-31.728324885794976
2fjh	-45.21	50336.3	298.15	0.05837923184302211	17.40576797399704	-27.80423202600296
2fdb	-38.87	29818.94	298.15	0.05184268847921427	15.456897570077734	-23.41310242992226
2ftm	-61.62	11935.29	298.15	0.04381899562196906	13.064633544690073	-48.55536645530992
2den	-27.22	7013.48	298.15	0.04059319026544884	12.10285967764357	-15.117140322356429
1yrt	-51.37	19284.84	298.15	0.04756580314133117	14.181744206587888	-37.18825579341211
2i5y	-48.91	71629.7	298.15	0.06385373243824083	19.0379903264615	-29.872009673538496
2g45	-31.68	20604.53	298.15	0.04815688519542931	14.357975321017246	-17.322024678982753
2fyl	-31.69	10404.44	298.15	0.04290236567455751	12.79134032586932	-18.89865967413068
2hd5	-31.69	15749.48	298.15	0.04587424580885656	13.677406387910581	-18.012593612089418
2dd8	-43.94	28450.32	298.15	0.05133553655289691	15.305690223246213	-28.634309776753785
2j12	-43.94	14397.81	298.15	0.045177778493574086	13.469754657859113	-30.470245342140885
2hwn	-49.65	12000.77	298.15	0.04385685101312704	13.075920129563826	-36.57407987043617
2few	-13.88	12217.77	298.15	0.04398157072721087	13.11310531231792	-0.7668946876820808
2a24	-25.82	10610.8	298.15	0.04302968917511082	12.82930182755929	-12.99069817244071
2dsr	-37.09	12435.26	298.15	0.04410546560734526	13.150044570829989	-23.939955429170013
2dsp	-31.52	8971.93	298.15	0.04198127205266619	12.516716262502424	-19.003283737497576
2bdn	-64.71	23709.42	298.15	0.049476927889171844	14.751546050156584	-49.95845394984341
2aze	-30.31	18445.42	298.15	0.04717925260306745	14.066494163604558	-16.243505836395443
2hle	-42.23	15784.09	298.15	0.0458916783254633	13.682603892736882	-28.547396107263115
2h4m	-42.1	74459.88	298.15	0.06451605539455516	19.235461915886617	-22.864538084113384
2arp	-36.34	16334.53	298.15	0.04616639972288203	13.764512077377276	-22.575487922622727
1yk1	-41.89	34815.69	298.15	0.05360192873474539	15.981415052264337	-25.908584947735662
2fju	-30.11	38197.19	298.15	0.05472155011321094	16.31523016625384	-13.794769833746159
2aq1	-47.14	60460.7	298.15	0.061102591531896504	18.217737665234942	-28.92226233476506
2dsq	-35.76	22465.91	298.15	0.048959286906421345	14.597211391149523	-21.162788608850477
2g2w	-35.59	17077.52	298.15	0.04652998245613104	13.87291426929547	-21.717085730704532
2es4	-47.38	48874.09	298.15	0.05796400257473883	17.28196736765838	-30.098032632341624
2i60	-46.83	71264.89	298.15	0.06376741387787936	19.01225444768973	-27.817745552310267
2c7m	-29.64	8370.85	298.15	0.04157296850423434	12.394980559537467	-17.245019440462535
2c7n	-29.64	44653.96	298.15	0.05672944743162492	16.91388475173897	-12.726115248261031
2hsq	-46.69	16177.25	298.15	0.04608838090051326	13.741250765488028	-32.94874923451197
2ftl	-75.47	11927.54	298.15	0.043814508315535516	13.063295654276914	-62.406704345723085
2f4m	-41.02	18579.54	298.15	0.04724159621380805	14.085081911146869	-26.934918088853134
2aq3	-29.22	61438.68	298.15	0.061353131900976014	18.292436276275996	-10.927563723724003
1zvh	-40.84	11485.18	298.15	0.043555916789358065	12.986196590747106	-27.853803409252897
2iy1	-34.84	31510.43	298.15	0.05245366072603752	15.639058945468086	-19.200941054531917
2bwe	-23.38	54526.04	298.15	0.059536699883365435	17.750867070225404	-5.629132929774595
2a9h	-34.51	17634.42	298.15	0.04679734264697842	13.952627710196616	-20.557372289803382
2gh0	-40.22	29420.54	298.15	0.05169628170908555	15.413246391563856	-24.806753608436143
1zgu	-22.88	11169.37	298.15	0.043368242966074486	12.930241640335106	-9.949758359664893
2hrk	-45.92	15273.61	298.15	0.04563258647825113	13.605355658490573	-32.31464434150943
2g9h	-39.95	28302.16	298.15	0.05127990977424481	15.28910509919109	-24.660894900808913
2j7p	-45.66	44125.79	298.15	0.05657089836644595	16.86661334795586	-28.793386652044138
2j0t	-53.64	41689.69	298.15	0.055827021508489894	16.64482646275626	-36.995173537243744
2abz	-48.82	32892.31	298.15	0.052940727102687914	15.7842777856664	-33.0357222143336
2o3b	-65.61	16617.59	298.15	0.04630587133519702	13.806095538588991	-51.80390446141101
1yvb	-46.73	17651.28	298.15	0.0468053705701481	13.955021235489655	-32.774978764510344
2j8x	-46.21	26685.4	298.15	0.050663165294794504	15.10522273264298	-31.104777267357022
2p5e	-58.9	37693.41	298.15	0.054557983630583354	16.266462819458425	-42.63353718054157
2omy	-38.24	23405.02	298.15	0.049351493999172255	14.714147935853207	-23.525852064146797
2uzi	-53.97	16791.0	298.15	0.046390729086895434	13.831395877257872	-40.13860412274212
2qxv	-36.64	15560.55	298.15	0.04577874519725824	13.648932880562544	-22.991067119437457
2oin	-35.92	15947.46	298.15	0.04597370839849031	13.707061159009886	-22.212938840990116
2odg	-35.55	13019.44	298.15	0.04443298444535987	13.247694312384043	-22.302305687615956
2j4w	-52.64	21926.56	298.15	0.04873032194063946	14.528945486601655	-38.111054513398344
2omu	-52.64	23154.16	298.15	0.04924750789063353	14.683144477592386	-37.956855522407615
2r0k	-52.64	28522.84	298.15	0.0513627114383919	15.313792415356543	-37.326207584643456
2j6e	-35.51	58510.21	298.15	0.06059678675939681	18.06693197231416	-17.44306802768584
2oje	-35.51	56899.29	298.15	0.060172647215648814	17.94047476734569	-17.569525232654307
2o98	-51.77	29080.38	298.15	0.05157049095407891	15.375741877958626	-36.39425812204138
2gox	-51.92	29395.67	298.15	0.05168710953538991	15.4105117079765	-36.509488292023505
2i9b	-51.47	75153.25	298.15	0.06467638966213178	19.28326557776459	-32.18673442223541
2ifg	-51.63	49246.37	298.15	0.05807030316900763	17.313660889839625	-34.31633911016038
2nyz	-51.63	38075.85	298.15	0.05468225273349254	16.3035136524908	-35.3264863475092
2pkg	-34.1	61302.5	298.15	0.06131836521914897	18.282070590089265	-15.817929409910736
2i25	-51.37	22424.62	298.15	0.048941856297628275	14.59201445513787	-36.777985544862126
2qej	-51.13	38878.47	298.15	0.05494104087643496	16.38067133730908	-34.74932866269092
2omv	-50.92	23218.38	298.15	0.04927418169469199	14.691097272272415	-36.228902727727586
2ot3	-32.79	19212.25	298.15	0.04753271228304394	14.171878167189549	-18.618121832810452
2pms	-45.59	43085.61	298.15	0.05625585191914366	16.772682249692682	-28.81731775030732
2omt	-39.95	23091.54	298.15	0.04922146300363216	14.675379194532926	-25.274620805467077
2q7n	-62.78	63622.11	298.15	0.06190538763281211	18.457091322722928	-44.32290867727707
2qc1	-62.78	15569.96	298.15	0.04578351545125483	13.650355131791626	-49.12964486820837
2nup	-28.54	67538.34	298.15	0.06287268531775278	18.74549112748799	-9.794508872512008
2nut	-28.54	67958.13	298.15	0.06297468847464674	18.775903368715923	-9.764096631284076
2omw	-28.54	23274.98	298.15	0.04929765996176738	14.698097317600944	-13.841902682399056
2qiy	-39.52	15025.35	298.15	0.04550501854239459	13.567321278414946	-25.95267872158506
2omx	-39.5	23121.29	298.15	0.049233841010053084	14.679069697147327	-24.820930302852673
2noj	-45.01	57287.57	298.15	0.06027542105404977	17.971116787264936	-27.038883212735062
2rf9	-27.89	28171.86	298.15	0.0512308680934153	15.274483322051772	-12.615516677948229
2r0l	-44.72	29840.46	298.15	0.05185056887131317	15.45924710898202	-29.26075289101798
2q0o	-44.67	31297.11	298.15	0.05237752801361223	15.616359977258485	-29.05364002274152
2h64	-39.12	18335.54	298.15	0.04712800747314176	14.051215428117215	-25.06878457188278
2r9p	-27.7	47700.22	298.15	0.05762613834758669	17.18123314833297	-10.518766851667028
2jcc	-27.47	77780.2	298.15	0.06527723345161862	19.46240715360009	-8.007592846399909
2oor	-44.58	37409.94	298.15	0.05446546627391352	16.238878769567314	-28.341121230432684
2phe	-27.53	9429.46	298.15	0.04228297032480336	12.60666760234012	-14.92333239765988
2ij0	-55.62	28213.51	298.15	0.05124655642686598	15.279160798670091	-40.340839201329906
2p4a	-55.62	23168.11	298.15	0.04925330517080119	14.684872936674374	-40.93512706332562
2jgz	-17.12	24438.63	298.15	0.049774177100450984	14.840170902499459	-2.279829097500542
2p5t	-51.37	65187.2	298.15	0.062295436210090115	18.573384306038367	-32.79661569396163
2v2w	-32.29	37690.69	298.15	0.05455709754836675	16.266198634045544	-16.023801365954455
2p1l	-32.18	30009.48	298.15	0.05191236363334635	15.477671217282213	-16.702328782717785
2oza	-49.1	31158.73	298.15	0.052328002149767	15.601593840953031	-33.49840615904697
2h62	-31.78	19717.32	298.15	0.047761675596632205	14.240143579135891	-17.539856420864112
2i3t	-31.78	60921.03	298.15	0.061220770009722696	18.252972578398822	-13.52702742160118
2ot8	-43.94	74073.15	298.15	0.06442630389687513	19.20870250685332	-24.731297493146677
2ra3	-61.07	24062.41	298.15	0.04962138017571649	14.794614499389871	-46.27538550061013
2v8s	-26.58	13823.24	298.15	0.04487184722890872	13.378541251299133	-13.201458748700865
2p49	-43.6	11961.32	298.15	0.04383405652728078	13.069123953608763	-30.53087604639124
2j8s	-43.11	129376.27	298.15	0.07549747597394828	22.509572461632676	-20.600427538367324
2v6x	-25.99	8404.92	298.15	0.041596496022506105	12.401995289110195	-13.588004710889804
2yvj	-20.16	38633.91	298.15	0.05486247292607877	16.357246302910383	-3.802753697089617
2hqw	-49.65	8657.19	298.15	0.041769241266963644	12.45349928374521	-37.19650071625479
2iou	-31.16	109182.85	298.15	0.07179623906525562	21.40604867730596	-9.75395132269404
2i3s	-31.07	45738.84	298.15	0.05705219843192046	17.010112962477084	-14.059887037522916
2iyb	-31.07	34820.81	298.15	0.0536036641223349	15.98193245807415	-15.08806754192585
2jix	-42.94	85984.39	298.15	0.06709110729002303	20.003213638520364	-22.936786361479633
2psm	-60.06	18853.66	298.15	0.04736832058663128	14.122864782904115	-45.937135217095886
2j8u	-25.67	77446.1	298.15	0.06520138633633624	19.43979333617865	-6.2302066638213525
2iwg	-42.42	37627.14	298.15	0.05453638604195817	16.26002349840983	-26.159976501590172
2z3q	-59.48	21499.94	298.15	0.04854721111110778	14.474350992776785	-45.00564900722321
2z3r	-59.48	77175.89	298.15	0.06513992373355412	19.42146826115916	-40.05853173884084
2pop	-30.69	37608.88	298.15	0.05453043171246687	16.258248215071994	-14.431751784928007
2z8w	-47.53	40803.57	298.15	0.055551068862182654	16.562551181259757	-30.967448818740245
2uwe	-30.41	76482.15	298.15	0.06498162946462042	19.374272824876577	-11.035727175123423
2z8v	-47.48	40676.39	298.15	0.055511217924669926	16.55066962424034	-30.92933037575966
2omz	-36.52	23655.64	298.15	0.04945482562245161	14.744956259333946	-21.775043740666057
2ihs	-42.23	20856.73	298.15	0.04826766761247861	14.391005098660496	-27.8389949013395
2ptt	-30.81	11453.97	298.15	0.043537485734064504	12.980701371611332	-17.829298628388667
2j59	-41.44	78128.73	298.15	0.06535618305190763	19.485945976926256	-21.95405402307374
2oob	-24.22	6958.33	298.15	0.04055145866693321	12.090417401546135	-12.129582598453863
2r56	-30.26	51409.5	298.15	0.05868016736352841	17.495491899435994	-12.764508100564008
2v3b	-30.26	19727.49	298.15	0.04776625565503323	14.241509123548155	-16.018490876451846
2qho	-24.1	24242.26	298.15	0.04969457184099213	14.816436594391803	-9.283563405608199
2onl	-46.93	64909.94	298.15	0.062226682112808324	18.5528852719338	-28.3771147280662
2ibf	-46.28	15341.42	298.15	0.04566724991822113	13.61569056311763	-32.66430943688237
2qr0	-46.28	192691.51	298.15	0.08552534700476891	25.499382209471847	-20.780617790528154
2j5l	-40.6	21560.0	298.15	0.04857309882599024	14.482069414968988	-26.11793058503101
2v9t	-46.15	15686.21	298.15	0.04584232811173913	13.667890126515022	-32.48210987348497
2pye	-40.46	39214.71	298.15	0.055048659844390876	16.41275793260514	-24.047242067394862
2uyz	-40.45	12950.11	298.15	0.04439450450692903	13.236221518740889	-27.213778481259112
2i26	-45.81	34329.84	298.15	0.05343666870525758	15.932142774472547	-29.877857225527457
3biw	-40.03	108936.16	298.15	0.07174899471843604	21.391962775301703	-18.638037224698298
2v1d	-41.67	38872.63	298.15	0.05493916758835386	16.380112816467705	-25.289887183532297
2o8v	-34.01	17236.9	298.15	0.04660693830903216	13.895858656837937	-20.11414134316206
2uxn	-39.5	39338.43	298.15	0.05508814221898464	16.42452960259027	-23.07547039740973
2g81	-44.9	11769.8	298.15	0.043722856845423985	13.03596976846316	-31.864030231536837
2nz1	-44.2	58946.71	298.15	0.06071070432276017	18.100896493830945	-26.099103506169058
2ijo	-43.49	12676.82	298.15	0.044241808873875535	13.19069531574599	-30.29930468425401
2pw8	-77.64	15429.18	298.15	0.045711997963339995	13.629032192769818	-64.01096780723019
2jod	-36.85	8872.99	298.15	0.04191502580777734	12.496964944588813	-24.35303505541119
2nqd	-59.41	14815.96	298.15	0.04539660222256846	13.534996952658785	-45.87500304734121
2p3f	-59.17	17429.7	298.15	0.04669955688034865	13.923472883875949	-45.24652711612406
2uuy	-47.1	11903.42	298.15	0.043800533323027774	13.05912901026073	-34.040870989739275
3c5t	-54.35	8661.85	298.15	0.04177240841969051	12.454443570330724	-41.89555642966928
2z7f	-46.73	12653.83	298.15	0.04422888892359484	13.186843232569801	-33.5431567674302
2w2n	-40.84	18427.37	298.15	0.047170845057829855	14.06398745399197	-26.776012546008033
3brt	-44.2	12459.88	298.15	0.04411942208449057	13.154205694490864	-31.04579430550914
3brv	-43.54	12147.24	298.15	0.0439411563365454	13.101055761741009	-30.43894423825899
2qur	-37.68	16630.6	298.15	0.046312253063265044	13.807998250812473	-23.872001749187525
3c59	-49.1	8419.54	298.15	0.041606577445569386	12.405001065396512	-36.69499893460349
3ehu	-31.29	40445.76	298.15	0.055438792424169825	16.529075961266233	-14.760924038733766
3bow	-42.78	40255.23	298.15	0.05537880375431435	16.511190339348822	-26.26880966065118
2za4	-56.24	19210.23	298.15	0.0475317905531637	14.171603353425756	-42.06839664657424
2vdb	-56.07	31761.1	298.15	0.05254279485778106	15.665634286847421	-40.40436571315258
3dxc	-38.0	14778.39	298.15	0.04537706864132433	13.529173015410846	-24.470826984589152
2vfx	-37.68	132798.28	298.15	0.07609525441951698	22.687800105178987	-14.992199894821013
3dvu	-38.24	16027.67	298.15	0.04601382902369074	13.719023123413393	-24.52097687658661
3dxe	-36.99	15035.3	298.15	0.04551015151441146	13.568851674021774	-23.42114832597823
3dxd	-36.92	14893.65	298.15	0.04543691679060297	13.547016741118275	-23.372983258881725
2vlp	-70.01	11397.3	298.15	0.04350395497622826	12.970704176162455	-57.03929582383755
2jzn	-18.84	19502.98	298.15	0.047664871355319854	14.211281394588614	-4.628718605411386
1vsq	-18.84	20099.05	298.15	0.047932785617410364	14.291160031830898	-4.548839968169101
2pjy	-35.96	17637.39	298.15	0.04679875709688071	13.953049428434982	-22.00695057156502
3ddc	-34.89	15457.96	298.15	0.045726644906018576	13.633399178729437	-21.256600821270563
2vof	-52.25	16253.63	298.15	0.046126316380376516	13.752561228809258	-38.497438771190744
2vlo	-68.78	12245.83	298.15	0.043997616940036614	13.117889490671915	-55.66211050932809
2z34	-34.54	18788.45	298.15	0.047338258274694144	14.113901704600059	-20.42609829539994
3c4m	-34.3	42388.33	298.15	0.056042528295079184	16.70907981117786	-17.59092018882214
3f5c	-34.51	32718.84	298.15	0.052880153845636615	15.766217869076556	-18.743782130923442
3dbr	-34.2	165468.8	298.15	0.08145387060270587	24.285471520196754	-9.914528479803248
3b2u	-51.37	214276.23	298.15	0.08855270856245678	26.401990057896487	-24.96800994210351
2v51	-34.25	32246.37	298.15	0.05271435493250909	15.716784923127584	-18.533215076872416
2qja	-51.13	20154.29	298.15	0.04795741184024023	14.298502340167623	-36.83149765983238
2voi	-51.13	9227.97	298.15	0.04215102958600628	12.56732947106777	-38.56267052893223
2v4z	-33.69	20395.43	298.15	0.04806451992165859	14.330436614642508	-19.35956338535749
2jjt	-33.79	21228.37	298.15	0.048429702113707646	14.439315685201933	-19.350684314798066
2jjs	-33.79	23402.11	298.15	0.04935029095388491	14.713789247900785	-19.076210752099215
2jki	-33.02	44102.59	298.15	0.056563912362451424	16.864530470864892	-16.15546952913511
3dbh	-32.99	166107.05	298.15	0.08155300961146691	24.31502981565886	-8.674970184341142
2vln	-67.21	11367.53	298.15	0.043486307129826166	12.96544247075767	-54.24455752924232
2v52	-32.66	17256.31	298.15	0.046616285986946664	13.898645667008147	-18.76135433299185
3c8k	-22.78	25493.3	298.15	0.050196356106981276	14.966043573296465	-7.813956426703536
2vwe	-56.76	49296.47	298.15	0.05808457797439726	17.31791692306654	-39.44208307693346
2p45	-39.59	12679.05	298.15	0.04424306146865904	13.191068776880693	-26.398931223119313
2p46	-39.59	23318.08	298.15	0.04931551914911944	14.70342203430996	-24.886577965690044
2p48	-39.59	12730.09	298.15	0.04427170066950677	13.199607554613442	-26.39039244538656
2p47	-39.59	12630.17	298.15	0.0442155801851349	13.182875232197969	-26.407124767802035
3e3q	-39.59	130648.57	298.15	0.07572064216521898	22.576109461560037	-17.013890538439966
3ch5	-22.38	11816.0	298.15	0.04374976363433204	13.043992027576097	-9.336007972423902
3eg5	-33.69	51414.1	298.15	0.05868145045146775	17.49587445210511	-16.19412554789489
3eab	-28.09	42525.93	298.15	0.05608476336867942	16.72167219837177	-11.36832780162823
2ver	-27.87	12124.37	298.15	0.043928026421571724	13.097141077591608	-14.772858922408393
2q5d	-44.56	84396.67	298.15	0.06674706410041487	19.90063716153869	-24.659362838461313
2p8q	-44.56	41750.29	298.15	0.055845785729979266	16.650421015393317	-27.909578984606686
2z58	-44.5	13869.17	298.15	0.04489653382502117	13.385901559930062	-31.114098440069938
2k6d	-21.5	8048.66	298.15	0.0413480641520922	12.327925326946287	-9.172074673053713
2w2m	-38.29	18477.5	298.15	0.04719418506356146	14.070946276700848	-24.21905372329915
3d5r	-44.07	29393.92	298.15	0.0516864639810182	15.410319235940575	-28.659680764059424
2voh	-51.37	9515.69	298.15	0.04233900482210782	12.623374287711446	-38.74662571228855
3d5o	-34.25	48676.2	298.15	0.057907332369827105	17.26507114606395	-16.98492885393605
3eba	-49.24	11582.87	298.15	0.04361344629401387	13.003349012560234	-36.236650987439766
3e2u	-32.18	18924.0	298.15	0.04740068964150559	14.13251561661489	-18.04748438338511
2qj9	-49.2	19940.88	298.15	0.04786208498468194	14.27008063818292	-34.929919361817085
3eoy	-48.82	61461.6	298.15	0.06135897957523491	18.294179760356286	-30.525820239643714
2oqj	-21.11	79695.6	298.15	0.06570895685958916	19.591125487686508	-1.5188745123134915
2p44	-43.94	12585.55	298.15	0.04419044749118223	13.17538191949598	-30.764618080504018
3bpo	-43.94	29998.24	298.15	0.05190825962964653	15.476447608579111	-28.463552391420887
2jy6	-26.82	7883.19	298.15	0.0412308076290176	12.292965294591598	-14.527034705408402
3bn3	-26.82	19353.4	298.15	0.04759699974427459	14.191045473755468	-12.628954526244533
2vog	-38.11	8647.25	298.15	0.041762482731124415	12.451484226284743	-25.65851577371526
2vlq	-60.74	11466.86	298.15	0.04354510095938749	12.982971851041379	-47.757028148958625
3bk3	-43.71	19975.18	298.15	0.047877440532693716	14.27465889482263	-29.435341105177372
2p43	-43.6	12438.06	298.15	0.04410705355487105	13.150518017384803	-30.449481982615197
2p42	-43.6	24572.46	298.15	0.04982824651854016	14.856291699502748	-28.743708300497254
3b9f	-26.37	28105.46	298.15	0.05120583315976998	15.267019156585418	-11.102980843414583
3eo1	-54.81	98426.2	298.15	0.0696839917347033	20.776282135701788	-34.03371786429821
3bgf	-43.29	55667.21	298.15	0.05984418469316928	17.84254366626842	-25.44745633373158
3d5s	-43.29	29572.34	298.15	0.05175218241924244	15.429913188297132	-27.860086811702867
3b2v	-48.41	39205.06	298.15	0.055045577653549935	16.41183897740591	-31.998161022594086
3bdy	-37.23	26302.35	298.15	0.050514326701113055	15.060846505936857	-22.16915349406314
3blh	-37.23	27502.85	298.15	0.05097726388259441	15.198871226595521	-22.031128773404475
3ech	-37.23	15260.61	298.15	0.0456259322921866	13.603371712915434	-23.626628287084564
3bky	-42.94	20780.43	298.15	0.04823422276928742	14.381033518663044	-28.558966481336952
3d7u	-25.82	50225.31	298.15	0.05834792690832964	17.39643440771848	-8.42356559228152
3cx8	-36.92	24553.7	298.15	0.04982067607323221	14.854034571234184	-22.065965428765818
2vsm	-42.56	23291.6	298.15	0.04930454868677328	14.700151190961453	-27.85984880903855
2efh	-42.49	37225.53	298.15	0.0544050912721096	16.220877962779475	-26.269122037220527
2rgn	-42.49	79498.71	298.15	0.06566481964064869	19.577965975859403	-22.9120340241406
3c66	-31.52	51032.73	298.15	0.05857487847743188	17.464100018046313	-14.055899981953687
3d2u	-47.93	52549.9	298.15	0.05899652392960232	17.589813609610932	-30.340186390389068
3bp8	-47.85	40401.73	298.15	0.05542494208449647	16.52494648249262	-31.32505351750738
3dvm	-47.74	8801.23	298.15	0.04186674681620873	12.482570563252631	-35.25742943674737
3c4p	-47.7	16968.4	298.15	0.04647708712121169	13.857143525189263	-33.84285647481074
3cqx	-30.52	41568.64	298.15	0.05578949863801155	16.633639018923144	-13.886360981076855
3c4o	-47.59	16904.17	298.15	0.04644587243049149	13.847836865151036	-33.742163134848965
3e2h	-30.46	17971.15	298.15	0.046956957274228175	14.00021681131113	-16.45978318868887
3cx6	-30.36	23979.48	298.15	0.04958753889594096	14.784524721824797	-15.575475278175203
2qjb	-47.43	19399.63	298.15	0.047618004427289716	14.197308019996427	-33.23269198000357
2vlr	-30.31	80016.92	298.15	0.06578087086698702	19.61256664899218	-10.69743335100782
3c09	-42.05	50322.55	298.15	0.05837535550438091	17.404612243631167	-24.64538775636883
2vyr	-41.99	61256.44	298.15	0.06130659738777116	18.27856201116397	-23.711437988836032
3ejj	-36.2	29673.92	298.15	0.051789509402462464	15.441042228344182	-20.758957771655822
3bpn	-36.03	32144.58	298.15	0.05267847613928238	15.70608766092704	-20.32391233907296
3cqc	-47.93	24490.4	298.15	0.049795110507395504	14.84641219777997	-33.08358780222003
3cqg	-47.93	22438.98	298.15	0.048947920202491876	14.593822408372953	-33.33617759162705
2ve7	-30.81	58264.14	298.15	0.060532380188907636	18.04772915332281	-12.76227084667719
2vlj	-30.16	39269.26	298.15	0.055066075879562804	16.417950523491648	-13.742049476508353
3beg	-41.67	21525.08	298.15	0.04855805162187023	14.477583091060607	-27.192416908939393
3cx7	-35.87	24326.92	298.15	0.04972893104047961	14.826680789718994	-21.043319210281005
3bpl	-35.69	27220.91	298.15	0.05086946477512061	15.16673092270221	-20.52326907729779
3chw	-41.35	21924.19	298.15	0.048729309650918796	14.528643672421438	-26.821356327578563
2efd	-46.44	38569.62	298.15	0.054841777714165305	16.351076025478385	-30.088923974521613
3c9a	-46.31	26873.65	298.15	0.050735920524539055	15.126914704391318	-31.183085295608684
2vay	-46.25	8958.75	298.15	0.04197246841716444	12.514091458577576	-33.735908541422425
3d7t	-23.71	25912.2	298.15	0.05036161093823374	15.015314301234389	-8.694685698765612
2v5q	-40.8	36523.51	298.15	0.05417387350012405	16.151940384061984	-24.648059615938013
3crk	-29.0	40813.0	298.15	0.05555402120997789	16.563431423754906	-12.436568576245094
3dbl	-28.87	165915.55	298.15	0.0815232840568223	24.306167141541568	-4.563832858458433
3dvg	-46.01	27284.19	298.15	0.05089370814384081	15.173959083086137	-30.83604091691386
2qna	-40.42	37032.88	298.15	0.05434185859789675	16.202025140962917	-24.217974859037085
3bik	-29.09	23529.81	298.15	0.04940301419883003	14.729508683381173	-14.360491316618827
3bs5	-40.15	9580.15	298.15	0.04238072695765479	12.635813742424775	-27.514186257575226
3dvn	-40.16	52039.08	298.15	0.058855247009859404	17.54769189598958	-22.612308104010417
3bh6	-40.08	20866.21	298.15	0.04827181873815521	14.392242756780975	-25.687757243219025
3bx1	-33.6	31621.52	298.15	0.05249320608539387	15.650849394360183	-17.94915060563982
3d1m	-33.6	21978.67	298.15	0.048752565691126105	14.535577460809247	-19.064422539190755
3b4v	-60.06	64409.09	298.15	0.062102109588000595	18.515743973662374	-41.54425602633763
3fju	-50.2	15306.03	298.15	0.04564916866801556	13.61029963836884	-36.58970036163116
2oul	-50.05	16583.26	298.15	0.046289019614451934	13.801071198048843	-36.24892880195115
2ody	-49.91	37454.79	298.15	0.05448012745064862	16.243249999410885	-33.66675000058911
3bg4	-42.6	12595.47	298.15	0.04419603888413948	13.177048993306183	-29.42295100669382
3ixe	-33.9	13461.55	298.15	0.04467599400381453	13.320147612237301	-20.5798523877627
3iol	-37.68	8106.28	298.15	0.04138861185570919	12.340014624779695	-25.339985375220305
2w84	-40.84	6424.27	298.15	0.04013845747636197	11.967281096577322	-28.87271890342268
3a6b	-39.76	15121.78	298.15	0.04555469318244497	13.582131772345967	-26.17786822765403
2vxq	-56.84	22991.79	298.15	0.04917990198097999	14.662987775629183	-42.17701222437082
3da7	-39.3	37175.24	298.15	0.054388600615861496	16.215961273619104	-23.084038726380893
3k2u	-55.91	28506.09	298.15	0.05135643790523129	15.311921961444709	-40.598078038555286
2w9e	-57.08	24261.27	298.15	0.04970229225242585	14.818738435060768	-42.26126156493923
3fp6	-74.2	12010.55	298.15	0.04386249616771813	13.07760323240516	-61.12239676759484
2wjv	-38.24	78919.12	298.15	0.06553457358686045	19.539133114922443	-18.70086688507756
3huj	-38.24	78290.32	298.15	0.06539272693647666	19.496841536110516	-18.743158463889486
3inb	-38.24	50871.3	298.15	0.05852964773704716	17.45061447280061	-20.789385527199393
2wel	-37.23	24338.62	298.15	0.049733674771820884	14.828095133218396	-22.4019048667816
3dxa	-37.23	115016.0	298.15	0.07289820509065618	21.73459984777914	-15.495400152220856
2w83	-36.4	30368.12	298.15	0.05204291087855685	15.516593878441723	-20.883406121558274
3g3a	-36.34	46783.97	298.15	0.057359523387661565	17.101741898031296	-19.238258101968707
3d3v	-36.17	39638.55	298.15	0.05518366137002322	16.453008637472422	-19.71699136252758
3gty	-53.24	34618.84	298.15	0.053535110792176016	15.961493282687279	-37.27850671731272
2zvk	-36.52	35845.09	298.15	0.053948307664634675	16.084687930210826	-20.435312069789177
3d39	-35.35	39307.58	298.15	0.05507830297288874	16.421596031366775	-18.928403968633226
2k79	-18.12	9825.42	298.15	0.0425382103986175	12.682767430347807	-5.437232569652194
3idc	-52.64	23349.1	298.15	0.04932836257938059	14.707251303042323	-37.932748696957674
2wp0	-34.43	26893.12	298.15	0.05074343076735379	15.129153883286532	-19.300846116713466
3knb	-34.4	9584.95	298.15	0.04238382816418251	12.636738367151015	-21.763261632848984
3gd1	-34.3	47950.0	298.15	0.05769837540362251	17.20277062659005	-17.09722937340995
3h3g	-34.27	23845.67	298.15	0.049532811369590396	14.768207709843375	-19.50179229015663
3ew3	-50.92	30605.76	298.15	0.05212898913190568	15.542258109677677	-35.377741890322326
3hcu	-33.27	27305.65	298.15	0.05090192335647607	15.17640844873334	-18.093591551266663
3hct	-33.27	14780.4	298.15	0.045378114318732315	13.52948478413004	-19.740515215869962
3kpr	-33.24	76267.78	298.15	0.0649325704751311	19.359645887160333	-13.880354112839669
2zvo	-33.08	27682.26	298.15	0.051045573406300906	15.219237711088613	-17.860762288911385
2zvn	-33.08	51497.29	298.15	0.058704644920291205	17.50278988298482	-15.577210117015177
2k8c	-15.67	10486.23	298.15	0.04295297958000398	12.806430861778185	-2.8635691382218145
2k8b	-15.67	10663.29	298.15	0.0430618773535813	12.838898732970264	-2.8311012670297355
3htu	-32.79	25407.25	298.15	0.0501622419388321	14.955872434062789	-17.83412756593721
3g6j	-49.78	175928.03	298.15	0.08305514565053987	24.76289167570846	-25.01710832429154
2wo2	-28.35	15874.81	298.15	0.04593728207694148	13.696200651240101	-14.6537993487599
3k8p	-45.66	46638.82	298.15	0.05731704815678297	17.08907790794484	-28.570922092055156
3hi1	-45.38	66291.39	298.15	0.0625678098741687	18.654592513983395	-26.725407486016607
3idb	-45.36	22245.75	298.15	0.04886616018165858	14.569445658161506	-30.790554341838494
3dco	-28.17	43015.26	298.15	0.05623440794071785	16.766288727525026	-11.403711272474975
3eiq	-39.72	49362.4	298.15	0.05810335211322663	17.323514432558518	-22.39648556744148
3ifq	-39.59	53811.59	298.15	0.059342553399457244	17.692982296048175	-21.89701770395183
2wii	-28.3	81695.61	298.15	0.06615424954275777	19.723889501173225	-8.576110498826775
3hh2	-45.15	40265.58	298.15	0.055382066109755525	16.51216301062361	-28.63783698937639
3h2u	-27.97	43653.02	298.15	0.05642817284641524	16.824059734158702	-11.145940265841297
3f1p	-22.38	11496.51	298.15	0.04356260152035737	12.988189643294549	-9.39181035670545
3gni	-45.21	31698.51	298.15	0.05252057192879435	15.659008520570033	-29.550991479429968
3fku	-56.43	186830.56	298.15	0.08467439034868153	25.245669482459395	-31.184330517540605
3ff8	-22.18	20547.42	298.15	0.04813170482883504	14.350467794717167	-7.829532205282833
3jsv	-22.16	21389.47	298.15	0.0484995005337982	14.460126084151932	-7.699873915848068
2wqz	-39.27	60579.91	298.15	0.061133238829264136	18.226875156945102	-21.0431248430549
3hpw	-27.89	10988.28	298.15	0.0432594298519959	12.897799010372577	-14.992200989627424
2w19	-39.12	41812.68	298.15	0.055865089986311664	16.656176579418823	-22.463823420581175
2wfx	-44.83	26893.1	298.15	0.05074342305406704	15.129151583570087	-29.700848416429913
2wub	-38.95	56825.55	298.15	0.06015308939395762	17.934643602808464	-21.01535639719154
3g6d	-61.78	24834.23	298.15	0.04993358171528639	14.887697388412636	-46.89230261158737
3h6g	-27.53	32654.99	298.15	0.05285781791860282	15.75955841243143	-11.770441587568572
2wuc	-38.77	28787.43	298.15	0.05146156751031946	15.343266353201745	-23.426733646798258
3hg0	-44.5	21126.09	298.15	0.04838525061020382	14.426062469432269	-30.073937530567733
3di2	-27.08	32191.81	298.15	0.05269513075529639	15.711053234691617	-11.368946765308381
3g9v	-68.49	29200.13	298.15	0.05161485785287518	15.388969868834733	-53.10103013116526
3jrm	-68.49	168343.79	298.15	0.08189894642475895	24.41817087654188	-44.071829123458116
3kv4	-34.25	20748.96	298.15	0.0482204105332454	14.376915400487114	-19.873084599512886
2vxs	-49.53	93335.25	298.15	0.06864406810883139	20.466228906648077	-29.063771093351924
3gc3	-32.41	32189.91	298.15	0.05269446099822597	15.710853546621072	-16.699146453378923
3eoa	-49.41	53826.49	298.15	0.05934661547776847	17.69419340469667	-31.715806595303327
3eob	-49.41	54149.46	298.15	0.05943452666512577	17.720404125207246	-31.68959587479275
2wo3	-32.18	16061.47	298.15	0.04603070553656326	13.724054855726335	-18.455945144273663
2k8f	-31.78	10007.3	298.15	0.04265372672377588	12.717208622693779	-19.062791377306223
3ff7	-21.11	20359.66	298.15	0.04804867197330596	14.32571154884117	-6.7842884511588295
3gxu	-38.2	15875.5	298.15	0.045937628430855075	13.69630391665944	-24.503696083340564
2wby	-43.94	77384.89	298.15	0.0651874727708598	19.435645006631848	-24.50435499336815
3doe	-43.94	16230.14	298.15	0.046114659164872215	13.74908563000665	-30.190914369993347
3g7z	-61.07	11518.36	298.15	0.043575483785117934	12.992030490532912	-48.07796950946709
3fhc	-43.75	27302.71	298.15	0.05090079807088715	15.176072944835003	-28.573927055164997
2w2x	-26.6	27538.5	298.15	0.05099085515170833	15.202923463481836	-11.397076536518165
3di3	-43.82	16745.2	298.15	0.046368359722342364	13.824726451216375	-29.995273548783626
3h8k	-43.82	10485.86	298.15	0.04295275105913798	12.806362728281988	-31.01363727171801
3h2v	-26.57	47970.82	298.15	0.05770438810008263	17.204563312039635	-9.365436687960365
3ho5	-38.0	49939.55	298.15	0.05826716823454377	17.372356209129222	-20.627643790870778
3gsn	-26.01	39181.37	298.15	0.055038009505549754	16.409582534079657	-9.600417465920344
3jvf	-37.3	23343.13	298.15	0.04932589144127639	14.706514533216554	-22.59348546678344
3he7	-37.26	41143.22	298.15	0.05565719236393569	16.594191903307426	-20.665808096692572
3etb	-60.15	64065.04	298.15	0.06201625587104151	18.490146687951025	-41.65985331204897
3gqi	-42.7	27331.29	298.15	0.050911734504818104	15.179333642611516	-27.520666357388485
3g3b	-42.63	46333.37	298.15	0.0572274479156604	17.062363596054148	-25.567636403945855
3g9w	-25.36	29169.23	298.15	0.05160341824804583	15.385559150654863	-9.974440849345136
2w8b	-42.35	80540.28	298.15	0.06589769463349979	19.64739765497796	-22.70260234502204
3jse	-65.77	170650.93	298.15	0.08225337194861207	24.523842846478686	-41.24615715352131
3gj8	-31.52	22448.02	298.15	0.0489517365958901	14.594960266064632	-16.925039733935368
3idx	-47.91	36448.51	298.15	0.05414904056065168	16.144536443158298	-31.7654635568417
3idy	-47.91	71538.04	298.15	0.06383206526359275	19.031530258340176	-28.87846974165982
2zxx	-47.7	41280.3	298.15	0.0556998988324857	16.606924836905613	-31.09307516309439
3hi6	-30.41	52542.1	298.15	0.05899437186765735	17.589171972342037	-12.820828027657964
3it8	-59.17	119863.08	298.15	0.07379279940812188	22.001323143531536	-37.168676856468466
3hae	-41.88	147699.55	298.15	0.07861268147304776	23.438370981189188	-18.441629018810815
3gj5	-24.7	21737.17	298.15	0.048649255213010514	14.504775441759083	-10.195224558240916
3f7p	-24.6	49489.7	298.15	0.05813956645010722	17.334311737099465	-7.265688262900536
3gj3	-24.6	11387.94	298.15	0.04349840879511359	12.969050582263115	-11.630949417736886
3kps	-24.6	39072.75	298.15	0.05500327978486022	16.399227867856073	-8.200772132143928
2w81	-47.93	49076.83	298.15	0.058021942830574755	17.299242254935862	-30.630757745064138
2w80	-47.93	69311.92	298.15	0.0633015122779732	18.873345885677708	-29.056654114322292
3h42	-65.06	42668.67	298.15	0.05612850397554364	16.734713460308335	-48.32528653969167
3gj7	-30.81	21677.1	298.15	0.048623469064596955	14.49708730160958	-16.31291269839042
3kls	-47.14	160556.93	298.15	0.08068442443196924	24.056061144391627	-23.083938855608373
3a67	-47.09	15040.69	298.15	0.045512931379981025	13.56968049094134	-33.520319509058666
2k2s	-41.53	7965.89	298.15	0.04128956332193588	12.310483304435182	-29.21951669556482
2wbj	-18.54	77296.22	298.15	0.06516730754550312	19.429632744691755	0.889632744691756
3ejh	-30.26	14244.27	298.15	0.04509663273713711	13.44556105057743	-16.814438949422573
3gb8	-29.61	56446.13	298.15	0.06005225582215085	17.904580073374277	-11.705419926625723
3gj6	-29.61	11401.8	298.15	0.04350662059880264	12.971498931533008	-16.638501068466994
3gj4	-29.57	21396.08	298.15	0.048502358768546236	14.460978266842059	-15.109021733157942
3gjf	-41.1	73415.96	298.15	0.06427324554225936	19.163068158424625	-21.936931841575376
3he6	-40.87	41531.36	298.15	0.05577793164705035	16.630190320568058	-24.23980967943194
3a6c	-46.5	15079.72	298.15	0.04553304606315194	13.57567768372875	-32.92432231627125
2wg3	-40.71	51889.05	298.15	0.058813621778596316	17.53528133328849	-23.17471866671151
2wg4	-40.7	27080.42	298.15	0.050815540348499236	15.150653354905046	-25.549346645094957
2wwx	-40.54	17353.15	298.15	0.04666284489515521	13.912527205490525	-26.627472794509472
3jtl	-63.67	170103.84	298.15	0.08216954513890264	24.498849883163818	-39.17115011683619
3dmm	-29.03	30575.49	298.15	0.052118043313096205	15.538994613799632	-13.491005386200369
2kde	-28.83	31476.91	298.15	0.052441714729494264	15.635497246598714	-13.194502753401284
3ffc	-28.83	73878.82	298.15	0.06438111574687476	19.195229659930707	-9.634770340069291
2wss	-40.51	282633.62	298.15	0.09724684319728324	28.994146299269996	-11.515853700730002
2wx0	-29.09	18565.85	298.15	0.04723524296318447	14.08318768947345	-15.00681231052655
3ia3	-40.13	23487.49	298.15	0.04938555751068305	14.72430397181015	-25.40569602818985
3bzd	-22.93	16362.83	298.15	0.046180398017354206	13.768685668874156	-9.161314331125844
2kgx	-28.8	13585.45	298.15	0.044743378174624704	13.340238202764354	-15.459761797235647
3gmw	-58.8	32261.48	298.15	0.05271967605402859	15.718371415508622	-43.081628584491376
2vxt	-55.36	26318.43	298.15	0.05052059648255869	15.062715841274871	-40.29728415872513
3fxd	-43.94	10301.94	298.15	0.042838654135071944	12.7723447303717	-31.1676552696283
3fsh	-47.38	19200.25	298.15	0.04752723594866001	14.170245398092982	-33.20975460190702
3h8d	-40.51	32182.95	298.15	0.05269200740348901	15.710122007350249	-24.799877992649748
3e1z	-59.61	14167.75	298.15	0.04505602869285257	13.433454954773993	-46.17654504522601
3h6s	-57.63	62350.13	298.15	0.0615848394012064	18.361519867469685	-39.268480132530314
3fii	-49.78	18742.96	298.15	0.047317256133695085	14.107639916261189	-35.67236008373881
3fie	-51.37	36515.74	298.15	0.054171301992238644	16.15117368898595	-35.21882631101405
3k9m	-49.65	29216.34	298.15	0.051620856597276624	15.390758394478024	-34.25924160552198
3e2l	-58.0	32602.63	298.15	0.05283948510803166	15.754092484959639	-42.24590751504036
3e2k	-58.0	32439.36	298.15	0.05278222464993268	15.737020279377427	-42.262979720622575
3g7a	-45.92	5654.65	298.15	0.039511803193927005	11.780444122269335	-34.139555877730665
3f50	-45.92	5296.1	298.15	0.0392053028195709	11.689061035655063	-34.230938964344936
3n00	-39.72	10148.25	298.15	0.04274252722186615	12.743684491199392	-26.976315508800607
3ixt	-59.68	39326.3	298.15	0.05508427395800006	16.423376280577717	-43.25662371942228
3mc0	-39.4	30088.02	298.15	0.05194101911944839	15.486214850463535	-23.913785149536466
3fpu	-56.62	9769.36	298.15	0.04250239017148321	12.672087629627718	-43.94791237037228
3iu3	-56.24	77631.99	298.15	0.06524360707986628	19.452381450862127	-36.787618549137875
3laq	-55.76	37858.5	298.15	0.05461170453259993	16.282479706394668	-39.47752029360533
2wpt	-39.95	10225.09	298.15	0.04279067785537576	12.758040602580282	-27.191959397419723
3lk2	-39.95	24983.85	298.15	0.04999353895637288	14.905573639842574	-25.04442636015743
3nfp	-54.61	57152.41	298.15	0.06023968518354647	17.96046213747438	-36.64953786252562
3ogo	-54.19	61052.64	298.15	0.0612544755195156	18.263021876143576	-35.92697812385642
3l9j	-54.04	13929.51	298.15	0.04492890350963526	13.395552581397752	-40.64444741860225
3mca	-36.58	36605.11	298.15	0.05420086279453689	16.15998724219117	-20.420012757808827
3kuc	-36.27	12397.04	298.15	0.04408377222195815	13.14357668797682	-23.126423312023185
3o6q	-53.29	17674.0	298.15	0.0468161826821666	13.95824486668797	-39.33175513331203
3lev	-52.64	30077.13	298.15	0.051937048115003985	15.485030895488437	-37.154969104511565
2wp3	-34.82	10020.17	298.15	0.042661860842703965	12.719633810252185	-22.100366189747817
3n85	-51.95	49459.42	298.15	0.058130956613666726	17.33174471436473	-34.61825528563527
3mxw	-52.25	25553.08	298.15	0.05022002176062132	14.973099487929245	-37.27690051207075
2wwk	-33.63	10808.08	298.15	0.043150257792149926	12.8652493607295	-20.764750639270503
3oky	-33.6	49654.01	298.15	0.058186240614881576	17.34822763932694	-16.251772360673062
3ma2	-33.19	26454.36	298.15	0.05057352084598064	15.078495240229127	-18.11150475977087
3lk4	-50.36	275017.97	298.15	0.09633466303524876	28.722179783959415	-21.637820216040584
3lqa	-33.08	43115.29	298.15	0.05626489367958683	16.77537805056881	-16.304621949431187
3kud	-32.93	12067.67	298.15	0.04389542082846	13.087419720005348	-19.84258027999465
3m0a	-32.93	14274.68	298.15	0.045112738997283054	13.450363132039941	-19.47963686796006
3osl	-49.91	30303.81	298.15	0.05201955857868182	15.509631390233983	-34.40036860976601
3k75	-39.72	38150.11	298.15	0.05470631012514819	16.31068636381293	-23.40931363618707
3kz1	-39.72	54006.96	298.15	0.059395771124432166	17.70884916074945	-22.01115083925055
2xb6	-39.61	56814.63	298.15	0.0601501920391894	17.933779756484316	-21.676220243515683
3pl6	-27.65	37775.56	298.15	0.05458473022019969	16.274437315152536	-11.375562684847463
3k3q	-56.12	25166.71	298.15	0.05006657320022529	14.92734879964717	-41.19265120035283
3h3p	-44.83	22153.73	298.15	0.048827099617306954	14.557799750900067	-30.27220024909993
3k6g	-44.42	21119.52	298.15	0.048382391574547635	14.425210047951376	-29.994789952048627
3oak	-38.65	19500.69	298.15	0.047663834238352666	14.210972178164846	-24.439027821835154
2x1w	-44.5	59039.33	298.15	0.0607348219451488	18.108087162946113	-26.391912837053887
2x1x	-44.5	18119.1	298.15	0.047026614460896204	14.020985101516203	-30.479014898483797
3m63	-38.57	50520.86	298.15	0.058431211018878534	17.421265565278635	-21.148734434721366
3l5n	-38.5	76367.3	298.15	0.06495535438241186	19.366438909116095	-19.133561090883905
3m18	-55.62	16221.54	298.15	0.04611038919455393	13.747812538356253	-41.87218746164375
2wh6	-44.2	8867.03	298.15	0.04191102346568086	12.495771646292747	-31.704228353707258
3mv7	-32.29	39035.21	298.15	0.054991265674231064	16.39564586077199	-15.89435413922801
3o4o	-32.12	41738.07	298.15	0.05584200301834205	16.64929319991868	-15.470706800081317
3onw	-49.3	33695.92	298.15	0.05321927475180911	15.867326767251885	-33.432673232748115
3mjh	-32.08	18967.29	298.15	0.04742058093175999	14.138446204804241	-17.94155379519576
3l95	-49.1	56241.01	298.15	0.05999760257087222	17.88828520650555	-31.21171479349445
3mhp	-31.74	27789.68	298.15	0.05108636715984999	15.231400368709274	-16.508599631290725
3a4s	-31.69	24537.18	298.15	0.04981400716664855	14.852046236736264	-16.837953763263737
3ohm	-38.24	47660.28	298.15	0.05761457006726703	17.177784065555663	-21.06221593444434
3hug	-43.94	59615.26	298.15	0.06088436756678045	18.15267419003559	-25.787325809964408
3nh7	-43.94	91095.68	298.15	0.06817762276517489	20.327158227436893	-23.612841772563105
3ncc	-3.85	20499.18	298.15	0.048110408057247075	14.344118162268215	10.494118162268215
3kyi	-20.9	11766.59	298.15	0.04372098538735465	13.035411793239788	-7.86458820676021
3aaa	-43.82	29569.36	298.15	0.051751086409648595	15.429586413036727	-28.390413586963273
2xdf	-26.7	66954.45	298.15	0.06273027955884275	18.703032850468965	-7.996967149531034
3o6b	-37.92	70445.26	298.15	0.06357266983723517	18.954191511971665	-18.965808488028337
2wd5	-43.71	19343.95	298.15	0.04759270303279175	14.189764409226859	-29.52023559077314
3mzw	-60.83	30571.16	298.15	0.05211647711549016	15.53852765198339	-45.29147234801661
3ouw	-43.6	23253.76	298.15	0.04928886103428608	14.695473917372393	-28.90452608262761
3aa6	-37.59	23744.38	298.15	0.04949128215382456	14.755825774162792	-22.83417422583721
3l5x	-54.62	24732.7	298.15	0.04989279266468134	14.87553613297474	-39.74446386702526
3kxf	-26.08	154735.4	298.15	0.07975707386894852	23.779571574027	-2.3004284259729992
3l89	-37.37	156341.21	298.15	0.08001459147088977	23.85635044704578	-13.513649552954217
3nvq	-37.34	94064.8	298.15	0.06879480377576358	20.51117074574391	-16.828829254256092
3lhp	-60.23	32748.52	298.15	0.05289052904587397	15.769311235027322	-44.46068876497267
3kj2	-49.65	8944.3	298.15	0.04196280903467074	12.511211513687082	-37.13878848631292
3kj1	-49.65	9027.72	298.15	0.04201846579227149	12.527805575965743	-37.122194424034255
3kj0	-49.65	9600.4	298.15	0.04239380490406396	12.63971293214667	-37.01028706785333
2wvw	-32.53	187633.87	298.15	0.08479180522669424	25.280676728338886	-7.249323271661115
3npz	-31.4	29389.73	298.15	0.051684918261317006	15.409858379611665	-15.990141620388334
3n06	-14.32	19927.04	298.15	0.047855885304291135	14.268232203474401	-0.05176779652559915
2xra	-48.41	29846.11	298.15	0.05185263736943438	15.45986383169686	-32.95013616830314
3m9d	-31.21	136411.21	298.15	0.07671808386481621	22.87349670429495	-8.33650329570505
3oiq	-30.94	12663.7	298.15	0.04423443711567128	13.18849742603739	-17.75150257396261
2xgy	-25.82	13377.62	298.15	0.04463017156427087	13.306485651887359	-12.513514348112642
2xqr	-42.86	159602.14	298.15	0.08053349621785534	24.011061897353567	-18.848938102646432
3mv8	-25.46	39502.38	298.15	0.05514036753907945	16.440100581776537	-9.019899418223464
2xa0	-42.54	15922.04	298.15	0.04596097240145475	13.703263921493733	-28.836736078506267
3oux	-42.56	24344.71	298.15	0.04973614349360077	14.828831182617067	-27.731168817382937
2wy8	-36.78	15835.28	298.15	0.04591742692774181	13.69028083850622	-23.089719161493782
3kw5	-36.61	14349.66	298.15	0.04515237803118705	13.46218150999842	-23.14781849000158
3jza	-65.77	16633.86	298.15	0.04631385178307072	13.808474909122534	-51.96152509087746
2xtj	-47.7	34430.77	298.15	0.05347109541542533	15.942407098109062	-31.75759290189094
2x9a	-30.57	13557.04	298.15	0.0447279543725529	13.335639596176646	-17.234360403823352
3lb6	-64.66	38761.23	298.15	0.05490340699583091	16.369450795806987	-48.29054920419301
3mzg	-13.15	20329.04	298.15	0.048035094676768406	14.321663477878499	1.1716634778784982
3ajb	-42.18	15053.3	298.15	0.04551943297933272	13.57161894278805	-28.60838105721195
3lbx	-36.52	22409.33	298.15	0.04893539754005709	14.59008877656802	-21.929911223431983
3h7b	-25.04	37871.89	298.15	0.054616056548521336	16.283777259941633	-8.756222740058366
2kri	-24.76	7790.52	298.15	0.04116460120201344	12.273225848380307	-12.486774151619695
3lh2	-58.95	50879.91	298.15	0.05853206196544512	17.45133427499746	-41.49866572500254
3im4	-41.77	7645.35	298.15	0.04106009041554363	12.242065957394331	-29.527934042605672
3kr3	-58.85	22127.96	298.15	0.04881614625793496	14.554534006803308	-44.29546599319669
3aa0	-30.81	23870.92	298.15	0.04954315020665809	14.771290234115108	-16.03870976588489
3n0p	-13.08	20331.4	298.15	0.04803614149423319	14.321975586505623	1.2419755865056228
3h9h	-30.07	37913.36	298.15	0.05462953024318572	16.287794442005822	-13.782205557994178
3ol2	-30.02	48167.63	298.15	0.05776116135899217	17.221490259183515	-12.798509740816485
3mv9	-29.91	39676.21	298.15	0.05519562184189943	16.456574652162313	-13.453425347837687
2xqb	-58.7	23560.26	298.15	0.049415564890056635	14.733250671970385	-43.96674932802962
3l5w	-58.7	48334.05	298.15	0.057809077654607674	17.235776502721276	-41.464223497278724
3mj7	-30.26	23728.35	298.15	0.04948470169132697	14.753863809269134	-15.506136190730867
2x2d	-29.76	29702.84	298.15	0.051800124770285144	15.444207200260514	-14.315792799739487
3o9w	-29.72	39744.24	298.15	0.05521721316878611	16.463012106273577	-13.256987893726421
2wy3	-40.98	30777.25	298.15	0.05219089903541539	15.560716547409099	-25.419283452590896
3lb8	-23.86	45491.14	298.15	0.05697884801098816	16.98824353447612	-6.87175646552388
3me2	-58.03	18560.46	298.15	0.04723274093114615	14.082441708621223	-43.947558291378776
3o8x	-35.17	39506.07	298.15	0.055141541718836576	16.440450663471125	-18.729549336528876
3lk3	-46.93	24730.77	298.15	0.049892016489033984	14.87530471620548	-32.054695283794516
3ngb	-46.31	137372.68	298.15	0.07688243679673659	22.922498530947014	-23.38750146905299
3k2m	-46.55	19114.67	298.15	0.047488130832081504	14.158586207585099	-32.391413792414895
3egg	-46.01	33895.51	298.15	0.053287940226649504	15.887799378575549	-30.122200621424447
3kbt	-45.84	51981.3	298.15	0.05883922329051183	17.5429144240661	-28.297085575933902
3gs2	-45.87	15534.19	298.15	0.045765374718033186	13.644946472181593	-32.2250535278184
3nvn	-45.81	38297.31	298.15	0.05475392817312032	16.32488368481582	-29.485116315184182
3orv	-28.69	63859.84	298.15	0.061964940794564285	18.47484709789934	-10.215152902100662
3ixa	-28.59	37477.73	298.15	0.054487622996117854	16.245484796292537	-12.344515203707463
3ixs	-40.22	41739.83	298.15	0.05584254786200463	16.64945564505668	-23.57054435494332
3ncb	-5.89	20484.43	298.15	0.04810389129441513	14.342175189429868	8.45217518942987
3k1r	-51.37	15229.31	298.15	0.04560989942312249	13.598591513003969	-37.77140848699603
3mac	-38.24	29447.29	298.15	0.05170614290932408	15.416186508414972	-22.823813491585028
2wus	-30.26	39601.65	298.15	0.05517193675504529	16.44951294351675	-13.81048705648325
3lms	-50.92	15552.36	298.15	0.04577459222927807	13.647694673159256	-37.272305326840744
3l33	-39.19	46360.55	298.15	0.05723543280361081	17.06474429039656	-22.125255709603437
2xtt	-61.07	10507.88	298.15	0.04296634412623697	12.810415501237552	-48.25958449876245
3kz0	-37.46	16790.76	298.15	0.04639061194708727	13.831360952024069	-23.62863904797593
3ssb	-54.35	30553.09	298.15	0.052109939846141595	15.536578565127115	-38.813421434872886
2yj1	-45.01	14997.43	298.15	0.04549060618568557	13.563024234262151	-31.446975765737847
3qbr	-42.63	18468.04	298.15	0.04718978301201036	14.069633805030886	-28.560366194969117
3zrz	-60.06	11715.55	298.15	0.04369119425032016	13.026529565732956	-47.033470434267045
2xqw	-38.5	29680.73	298.15	0.05179200954478498	15.44178764577764	-23.05821235422236
2ybr	-55.24	39977.7	298.15	0.05529116841903513	16.48506186413532	-38.75493813586468
3p71	-36.64	25329.27	298.15	0.05013127715769668	14.946640284567263	-21.693359715432738
3p11	-53.7	44439.12	298.15	0.05666506928549033	16.89469040746894	-36.80530959253106
3alz	-35.87	25320.98	298.15	0.050127982511916094	14.945657985927783	-20.924342014072217
3au4	-35.82	28982.13	298.15	0.05153402145443345	15.364868496639332	-20.45513150336067
3tac	-35.73	28336.27	298.15	0.051292729275506224	15.292927233492179	-20.437072766507818
3ry6	-18.84	32619.6	298.15	0.05284542842671154	15.755864485424045	-3.084135514575955
3oed	-35.96	36258.94	298.15	0.05408615868086898	16.125788210701085	-19.834211789298916
3ona	-35.2	12002.22	298.15	0.043857688118874666	13.07616971264248	-22.12383028735752
3syn	-35.51	46598.07	298.15	0.05730511160936721	17.085519026332832	-18.424480973667166
2y8s	-51.4	36654.29	298.15	0.05421711460930059	16.16483272076297	-35.23516727923703
3qbt	-34.51	59577.65	298.15	0.06087462388434878	18.149769111118587	-16.36023088888141
3n4i	-51.13	16821.03	298.15	0.04640537960548308	13.835763929374778	-37.294236070625224
3qhy	-68.26	19601.48	298.15	0.0477094234801701	14.224564610612713	-54.03543538938729
3rt0	-33.79	43906.78	298.15	0.0565048765324421	16.84692893814761	-16.94307106185239
3r1g	-50.72	34241.98	298.15	0.053406658881608886	15.923195345551688	-34.79680465444831
3uc0	-50.72	50370.34	298.15	0.058388825970793506	17.408628463192084	-33.31137153680791
3noc	-50.36	126529.9	298.15	0.07499420407119121	22.35952194382566	-28.00047805617434
3o5t	-33.24	17713.9	298.15	0.0468351536969521	13.963901074746266	-19.276098925253734
3qq8	-33.24	13630.41	298.15	0.04476775406079069	13.347505873224744	-19.892494126775258
3p0y	-49.75	27681.12	298.15	0.051045140056554625	15.21910850786176	-34.53089149213824
3p6z	-32.59	26993.51	298.15	0.05078211153853236	15.140686555213422	-17.449313444786583
3sdc	-28.37	40335.54	298.15	0.055404106754617446	16.51873442888919	-11.851265571110812
3qc8	-28.26	12865.28	298.15	0.04434728127555879	13.222141912307853	-15.037858087692149
2xze	-39.65	19288.75	298.15	0.0475675837837763	14.182275105132902	-25.467724894867096
3qlu	-45.43	61989.52	298.15	0.06149336946088811	18.334248104763788	-27.095751895236212
2xbb	-28.3	45652.39	298.15	0.057026620950462896	17.00248703638051	-11.29751296361949
3rbb	-45.15	21125.32	298.15	0.04838491555596598	14.425962573011256	-30.724037426988744
3onl	-28.09	19248.99	298.15	0.04754946836801617	14.176873993924021	-13.913126006075979
3qib	-27.76	35516.71	298.15	0.053838359003924745	16.05190673702016	-11.70809326297984
3oj2	-39.3	31846.99	298.15	0.052573254971315056	15.674715969697584	-23.625284030302414
3ojm	-39.3	17681.58	298.15	0.04681978834587403	13.959319895322341	-25.340680104677656
3qml	-45.01	58683.46	298.15	0.06064205215059852	18.080427848700946	-26.929572151299052
2y8t	-44.79	36420.75	298.15	0.05413984258440804	16.141794066541255	-28.648205933458744
2xpx	-38.95	8981.72	298.15	0.041987807138922445	12.518664698469726	-26.431335301530275
3zs9	-38.95	29234.73	298.15	0.05162766006760787	15.392786849157286	-23.557213150842717
3rgv	-27.53	39086.77	298.15	0.05500776519403523	16.400565192601604	-11.129434807398397
3t4a	-27.24	107584.25	298.15	0.07148913110683328	21.31448443950234	-5.925515560497658
3zwl	-38.79	36208.16	298.15	0.05406928665332648	16.120757815689288	-22.66924218431071
3b08	-27.19	40964.83	298.15	0.055601509330506275	16.577590006890446	-10.612409993109555
3qeq	-21.52	39263.72	298.15	0.055064307690419055	16.41742333789844	-5.1025766621015585
3rea	-38.51	20612.53	298.15	0.048160409687008715	14.359026148181647	-24.15097385181835
3q9n	-44.35	27767.44	298.15	0.05107792779188694	15.22888417115109	-29.12111582884891
3sja	-44.35	101819.01	298.15	0.07036216247923294	20.9784787431833	-23.371521256816703
3vh8	-27.22	65189.32	298.15	0.06229596135742052	18.573540878714926	-8.646459121285073
3sua	-26.96	95083.08	298.15	0.06900422131000694	20.57360858357857	-6.386391416421432
3quy	-38.4	37555.58	298.15	0.05451304305874732	16.253063787965512	-22.146936212034486
3sdy	-51.37	41955.22	298.15	0.05590913970011355	16.66931000158885	-34.70068999841115
3sip	-34.25	30665.97	298.15	0.052150745359919606	15.54874472906003	-18.70125527093997
3tn0	-32.29	40787.71	298.15	0.055546102638171634	16.56107050157087	-15.728929498429128
3owt	-31.98	17120.94	298.15	0.04655098305237486	13.879175597065563	-18.100824402934435
3sf4	-49.2	53673.66	298.15	0.05930492381836199	17.681763036444625	-31.518236963555378
3rdz	-48.92	23867.65	298.15	0.049541811584395135	14.770891123887408	-34.14910887611259
3sgk	-48.73	30309.86	298.15	0.052021756514865014	15.510286704907003	-33.219713295092994
3uaj	-48.73	76683.11	298.15	0.06502755715147718	19.387966164712918	-29.34203383528708
3r4d	-43.78	42868.47	298.15	0.056189607099000165	16.752931356566897	-27.027068643433104
3nog	-43.66	134009.36	298.15	0.0763049647446146	22.75032523860684	-20.909674761393156
3qbq	-37.89	33938.64	298.15	0.053302751768836226	15.89221543987852	-21.99778456012148
3qux	-37.71	39419.21	298.15	0.05511388779141931	16.432205645011667	-21.277794354988334
3r2x	-43.02	27679.49	298.15	0.0510445204269425	15.218923765292905	-27.801076234707097
3qdm	-25.9	39353.05	298.15	0.05509280374928238	16.425919437848542	-9.474080562151457
2y9m	-49.65	14375.77	298.15	0.0451661570610356	13.466289727747762	-36.183710272252235
3rk3	-32.53	18321.49	298.15	0.04712144386434742	14.049258488155182	-18.48074151184482
3scm	-31.5	40598.68	298.15	0.055486837387169086	16.543400566984463	-14.956599433015537
3aon	-48.49	15897.71	298.15	0.04594877299355659	13.699626668028897	-34.790373331971104
3r9a	-31.14	51376.99	298.15	0.05867109764205061	17.49278776197739	-13.647212238022611
2xhe	-48.0	37702.39	298.15	0.05456090877797481	16.26733495215319	-31.73266504784681
3t6g	-42.94	38974.15	298.15	0.05497171199577634	16.389815931540717	-26.55018406845928
3sjd	-42.86	47359.82	298.15	0.05752738854304926	17.151790894110135	-25.708209105889864
3qiu	-37.06	35630.67	298.15	0.0538765726183638	16.063300126165167	-20.996699873834835
3ru8	-42.66	30125.66	298.15	0.05195473889619277	15.490305401899874	-27.169694598100122
3oxu	-25.5	55892.54	298.15	0.05990452541004455	17.86053425100478	-7.639465748995221
3quz	-42.25	39725.29	298.15	0.05521120068540965	16.461219484354885	-25.788780515645115
3t2n	-42.24	64367.63	298.15	0.06209177589352138	18.512662982653396	-23.727337017346606
3q4f	-30.75	75231.54	298.15	0.06469444681789868	19.28864931875649	-11.461350681243509
3rug	-30.57	75773.85	298.15	0.06481927052653458	19.325865507486284	-11.244134492513716
3r0l	-47.64	9747.3	298.15	0.04248826649299253	12.667876654885722	-34.97212334511428
3sdd	-30.34	40557.15	298.15	0.05547379830335476	16.53951296414522	-13.800487035854779
3q3g	-47.39	107813.02	298.15	0.07153321947549937	21.327629386620135	-26.062370613379866
3qs7	-42.23	79844.26	298.15	0.06574224615213767	19.601050690259843	-22.628949309740154
3qdj	-25.1	38641.94	298.15	0.054865056605606186	16.358016626961483	-8.741983373038519
3r85	-25.02	29989.59	298.15	0.0519051007758467	15.475505796318693	-9.544494203681307
3pvm	-42.1	267927.96	298.15	0.0954740204966825	28.465579211085885	-13.634420788914117
2x89	-41.99	37429.75	298.15	0.054471943118600125	16.240809840810627	-25.749190159189375
3uai	-41.93	39661.44	298.15	0.05519093170170567	16.455176286863544	-25.474823713136455
3sda	-30.14	41379.78	298.15	0.05573084685741998	16.616151990539766	-13.523848009460234
3q9u	-47.28	28475.78	298.15	0.05134508093214922	15.308535879920289	-31.971464120079713
3s5l	-30.11	52901.33	298.15	0.05909332019553629	17.618673416299146	-12.491326583700854
3o6f	-30.02	73471.33	298.15	0.06428616747319536	19.166920832133197	-10.853079167866802
3qdg	-29.98	38469.56	298.15	0.054809533651401024	16.341462458165214	-13.638537541834786
3rkd	-46.97	49295.73	298.15	0.05808436718176146	17.317854075242177	-29.65214592475782
3pbp	-41.67	117180.08	298.15	0.07329989930704228	21.854364978394656	-19.815635021605345
3s8v	-41.67	53333.44	298.15	0.059211898945463984	17.654027670590086	-24.015972329409916
3to4	-41.67	39527.17	298.15	0.0551482548102249	16.442452171668553	-25.22754782833145
3zs8	-41.62	35547.59	298.15	0.0538487198817882	16.05499583275515	-25.565004167244847
3rpg	-30.26	18234.1	298.15	0.04708056205164221	14.037069575697124	-16.222930424302877
3t1q	-30.26	20198.25	298.15	0.04797698528674928	14.304338163244296	-15.955661836755706
3uyo	-29.49	11087.34	298.15	0.043319063030108386	12.915578642426814	-16.574421357573186
3rzw	-40.91	18247.06	298.15	0.04708663103130632	14.038879041983979	-26.871120958016018
2y0b	-46.93	28723.88	298.15	0.0514378655653962	15.336199618322876	-31.593800381677124
3rdt	-29.8	36474.1	298.15	0.054157516428639765	16.147063523198945	-13.652936476801056
3rgf	-46.53	29257.5	298.15	0.051636080975999324	15.395297542994197	-31.134702457005805
3zyi	-46.44	32265.57	298.15	0.05272111616976596	15.718800786015718	-30.721199213984278
3zyj	-46.25	70652.62	298.15	0.06362204514897926	18.968912761168166	-27.281087238831834
3sku	-40.84	61063.54	298.15	0.06125726539542447	18.263853677645805	-22.576146322354198
3s2k	-40.79	54919.35	298.15	0.059643036281730656	17.782571267397994	-23.007428732602005
3rzc	-35.07	39172.68	298.15	0.055035232773034085	16.408754651280113	-18.661245348719888
3q1s	-40.73	26324.91	298.15	0.050523122569433726	15.063468994076665	-25.666531005923332
2l1l	-46.55	12243.54	298.15	0.04399630808463432	13.11749925543372	-33.432500744566276
3pp4	-29.42	21435.99	298.15	0.048519606907275324	14.466120799404138	-14.953879200595864
3s4s	-28.86	51565.54	298.15	0.05872365993392903	17.508459209300938	-11.351540790699062
2xns	-34.77	33856.81	298.15	0.053274641995098446	15.8838345108386	-18.886165489161403
3skj	-51.89	52376.92	298.15	0.05894876024979308	17.575572868475806	-34.3144271315242
3pmh	-40.48	27097.86	298.15	0.050822241954218084	15.152651438650121	-25.327348561349876
3qht	-40.45	17337.09	298.15	0.04665513254225255	13.910227767472596	-26.539772232527405
3qwo	-40.3	41013.4	298.15	0.05561668206462343	16.582113757567473	-23.717886242432524
3mj9	-46.21	30000.72	298.15	0.051909165205456825	15.476717606006952	-30.73328239399305
2xzd	-45.76	29028.97	298.15	0.051551415730758846	15.370054600125748	-30.38994539987425
3olm	-23.08	26346.72	298.15	0.050531622439544316	15.066003230350137	-8.01399676964986
3qsk	-40.19	12163.17	298.15	0.043950294620544755	13.103780341115417	-27.08621965888458
3reb	-40.06	19389.87	298.15	0.04761357203976524	14.195986503656005	-25.864013496343997
3opz	-52.18	125324.62	298.15	0.07477939168858819	22.295475631952566	-29.884524368047433
2ygg	-43.94	14858.39	298.15	0.04541863288362493	13.541565394252771	-30.398434605747227
3t04	-41.57	11149.45	298.15	0.04335631685757717	12.926685871086631	-28.643314128913367
3ay4	-41.22	30237.42	298.15	0.05199542497884503	15.502435957442644	-25.717564042557356
3u1j	-43.29	12588.4	298.15	0.04419205411489119	13.175860934354807	-30.11413906564519
2y48	-20.99	39431.45	298.15	0.055117786526682644	16.43336805293043	-4.556631947069569
3b23	-54.21	14473.63	298.15	0.04521768970639105	13.48165418596049	-40.728345814039514
4a1u	-35.77	9951.56	298.15	0.04261843730419896	12.70668708224692	-23.063312917753084
3qtl	-50.48	30575.86	298.15	0.05211817714008096	15.539034514315137	-34.940965485684856
3o40	-50.54	11251.66	298.15	0.04341739766124564	12.944897112700385	-37.59510288729962
3p95	-33.24	12236.43	298.15	0.04399224356563307	13.116287419093497	-20.123712580906506
3pnr	-45.23	17158.26	298.15	0.04656901204055329	13.884550939890962	-31.345449060109033
3zv0	-22.59	44000.03	298.15	0.056533007368181995	16.855316146823462	-5.734683853176538
4a94	-64.55	27691.06	298.15	0.05104891826199152	15.22023497981277	-49.329765020187224
3p92	-46.97	12468.09	298.15	0.0441240730669308	13.155592384905418	-33.81440761509458
3nps	-57.95	28601.1	298.15	0.051391998504113634	15.322524354001478	-42.62747564599852
3o43	-45.92	11292.44	298.15	0.043441690369890235	12.952139983782773	-32.96786001621723
4eah	-51.77	129733.61	298.15	0.07556026514409239	22.528293052711145	-29.241706947288858
3ujg	-34.65	27365.4	298.15	0.050924779568731426	15.183223028417274	-19.466776971582725
4ers	-51.5	27155.2	298.15	0.05084426060094241	15.159216298170978	-36.340783701829025
3v6o	-53.09	57083.45	298.15	0.060221436100887066	17.955021173479476	-35.13497882652052
3ukx	-60.06	19307.81	298.15	0.047576261263420044	14.184862295688685	-45.875137704311314
3ro2	-41.88	16615.97	298.15	0.04630507651009341	13.80585856148435	-28.074141438515653
4di3	-41.22	64246.95	298.15	0.06206167805963999	18.50368931348166	-22.716310686518337
3uzq	-57.57	15034.15	298.15	0.04550955834316374	13.568674820014268	-44.001325179985734
4drb	-39.72	59188.64	298.15	0.06077366146561049	18.119667165971766	-21.600332834028233
4dke	-56.62	52606.26	298.15	0.059012069212656997	17.594448435753684	-39.025551564246314
4dck	-39.5	22870.9	298.15	0.04912941190941321	14.647934160791547	-24.852065839208453
4etq	-55.62	56448.26	298.15	0.060052822829145355	17.904749126509685	-37.71525087349031
3v6b	-37.4	16137.32	298.15	0.04606851331019768	13.735327243435437	-23.664672756564563
4g6m	-54.44	26901.62	298.15	0.050746708654627604	15.130131185377218	-39.30986881462278
3tsr	-89.6	83619.62	298.15	0.0665775056557989	19.85008331127644	-69.74991668872356
4eee	-55.36	26725.48	298.15	0.05067867694026869	15.109847529741108	-40.25015247025889
4b1v	-37.07	32743.09	298.15	0.05288863123911083	15.768745403940892	-21.30125459605911
3thm	-53.97	24247.07	298.15	0.04969652558193957	14.817019102255282	-39.15298089774472
4etp	-36.71	35482.35	298.15	0.053826825218648	16.0484679389399	-20.6615320610601
4am0	-53.52	91985.26	298.15	0.06836357856092155	20.38260094793876	-33.13739905206124
4g59	-36.4	38991.71	298.15	0.05497733692770308	16.391493004994672	-20.008506995005327
3uzv	-53.46	15181.15	298.15	0.04558519810589522	13.591226815272657	-39.868773184727345
3tkl	-36.34	19016.34	298.15	0.04744309146911751	14.145157721517384	-22.194842278482618
4al8	-53.35	24792.65	298.15	0.04991688730700658	14.882719950584011	-38.46728004941599
4dgi	-36.23	25684.08	298.15	0.05027178531851598	14.988532792715537	-21.241467207284458
4ala	-53.24	23913.35	298.15	0.04956051124076259	14.776466426433366	-38.463533573566636
4auo	-36.52	43662.49	298.15	0.05643103932878917	16.82491437587849	-19.695085624121514
4dbg	-35.87	13398.92	298.15	0.04464181409525472	13.309956872500194	-22.560043127499803
3uz0	-35.68	26173.72	298.15	0.05046410320536915	15.04587237068081	-20.634127629319188
4dt1	-35.68	19185.11	298.15	0.04752032419791369	14.168184659607965	-21.511815340392033
3tei	-35.96	17210.99	298.15	0.04659445208495899	13.892135889130522	-22.06786411086948
3u9d	-35.96	35484.4	298.15	0.05382751350854721	16.04867315257335	-19.91132684742665
4ft4	-35.96	61717.51	298.15	0.061424197046225384	18.3136243493321	-17.646375650667903
4apf	-35.31	29882.47	298.15	0.051865944297011274	15.46383129215391	-19.84616870784609
4eef	-52.64	69136.09	298.15	0.06325924593252227	18.860744174781516	-33.779255825218485
3twi	-35.51	35310.02	298.15	0.053768893958280856	16.031195733661434	-19.478804266338564
4f3f	-52.18	21690.44	298.15	0.04862919858716418	14.498795558762998	-37.681204441237
3ux9	-52.09	30516.25	298.15	0.05209660607423683	15.53260310103371	-36.557396898966296
3vwj	-34.99	37050.94	298.15	0.05434779332917051	16.203794581092186	-18.786205418907816
3vwk	-34.71	37881.64	298.15	0.05461922500811103	16.284721936168303	-18.425278063831698
4aei	-51.92	65699.81	298.15	0.06242216772518457	18.61116930726378	-33.30883069273622
4afz	-51.63	25417.52	298.15	0.050166316470788605	14.957087255765622	-36.67291274423438
4fqi	-51.63	43430.49	298.15	0.05636072533144716	16.80395025757097	-34.826049742429035
4fqj	-51.63	32354.71	298.15	0.05275248030435363	15.728152002743034	-35.901847997256965
4dra	-33.86	33179.52	298.15	0.05304066665702188	15.814074763791073	-18.045925236208927
4fqv	-51.13	114289.27	298.15	0.07276246391404499	21.694128615972513	-29.43587138402749
4ehq	-33.6	11096.08	298.15	0.043324311614488756	12.917143507859821	-20.682856492140182
3u9z	-33.18	17322.29	298.15	0.046648022104742656	13.908107790529021	-19.271892209470977
3tq7	-33.24	14497.27	298.15	0.04523011227798403	13.485357975680937	-19.754642024319065
4dm6	-33.24	21898.65	298.15	0.04871839736729616	14.52539017505935	-18.714609824940652
4dm8	-33.24	22065.77	298.15	0.04878968653277643	14.546645039747292	-18.693354960252712
4dxa	-32.79	22758.04	298.15	0.04908215501456793	14.633844517593428	-18.15615548240657
3ve0	-32.6	39009.68	298.15	0.054983091882311125	16.39320884471106	-16.20679115528894
3qt2	-49.78	54645.01	298.15	0.059568905289171595	17.76046911196651	-32.019530888033486
3vys	-32.66	30138.59	298.15	0.05195944990203534	15.491709988291836	-17.16829001170816
2lpb	-28.51	27780.95	298.15	0.05108305480711939	15.230412790742644	-13.279587209257357
4fqr	-39.95	450667.98	298.15	0.11491576814702908	34.26213627303672	-5.687863726963286
3ul4	-45.34	10255.01	298.15	0.04280937781471059	12.763615995455963	-32.57638400454404
4gg6	-28.21	68540.0	298.15	0.06311555525731072	18.81790279996719	-9.392097200032811
3zuv	-39.56	44949.17	298.15	0.05681765687005484	16.94018439580685	-22.619815604193153
3vfr	-22.4	19009.11	298.15	0.047439775227909334	14.144168984201167	-8.255831015798831
4fzv	-44.95	25205.74	298.15	0.050082127377347255	14.931986277556083	-30.018013722443918
4auq	-22.07	25683.43	298.15	0.05027152880273217	14.988456312534595	-7.081543687465405
3vyr	-39.12	19321.03	298.15	0.047582277440650286	14.186656018929881	-24.933343981070117
3rtq	-38.95	38694.13	298.15	0.05488184237551552	16.363021304259952	-22.58697869574005
3zwh	-33.18	12237.71	298.15	0.04399297538052575	13.116505609703752	-20.06349439029625
4drx	-38.87	73967.29	298.15	0.064401695307063	19.20136545580083	-19.66863454419917
4f9p	-44.66	42151.48	298.15	0.05596966846149562	16.687356651794918	-27.97264334820508
3vhx	-27.53	50029.28	298.15	0.058292551670006715	17.3799242804125	-10.150075719587502
3sri	-38.71	14203.5	298.15	0.04507501243780582	13.439114958331803	-25.270885041668198
3p9w	-44.5	41845.06	298.15	0.05587510309158207	16.659161986755194	-27.840838013244806
3u82	-44.33	26932.48	298.15	0.05075860496276183	15.133678069647438	-29.19632193035256
4ei5	-27.14	80919.13	298.15	0.06598202440108117	19.67254057518235	-7.467459424817651
3v4y	-44.23	54025.58	298.15	0.0594008380832928	17.710359874533747	-26.51964012546625
4g6u	-44.23	18825.04	298.15	0.04735513295829219	14.118932891514815	-30.11106710848518
3rvv	-44.35	28672.65	298.15	0.051418739458707646	15.330497169613684	-29.019502830386315
3tje	-44.35	25688.5	298.15	0.05027352953977181	14.989052832282963	-29.360947167717036
4g6f	-44.35	43932.71	298.15	0.05651270186156062	16.849262060024298	-27.500737939975703
4g8a	-55.54	62463.55	298.15	0.06161355405518336	18.370081141552916	-37.16991885844708
3vfn	-21.27	18645.33	298.15	0.04727209541428022	14.094175247767646	-7.175824752232353
4ffy	-44.2	14635.63	298.15	0.04530261676969008	13.506975189883097	-30.693024810116906
3t0y	-38.32	15197.21	298.15	0.045593439646210196	13.593684030517569	-24.72631596948243
3rvw	-44.07	28931.26	298.15	0.0515151146871217	15.359231443965333	-28.710768556034665
3u43	-85.62	12430.63	298.15	0.044102839430412585	13.149261576177512	-72.4707384238225
4f6r	-51.37	41890.77	298.15	0.05588923173831159	16.6633744427776	-34.706625557222395
3tjz	-34.25	50768.59	298.15	0.05850083226854963	17.44202314086807	-16.80797685913193
4eoz	-34.25	43477.6	298.15	0.05637501848340584	16.80821176082745	-17.44178823917255
4giq	-32.42	17874.53	298.15	0.04691131219036536	13.98660772955743	-18.43339227044257
4fqy	-49.41	41517.98	298.15	0.055773778923549414	16.628952186056257	-32.781047813943744
3ul0	-49.3	19270.29	298.15	0.04755917537927109	14.179768139329674	-35.12023186067032
4b93	-32.18	16852.84	298.15	0.04642088426364427	13.840386643205537	-18.339613356794462
4eo5	-49.18	17038.05	298.15	0.04651086914732232	13.867215636274148	-35.312784363725854
4eqa	-49.18	25469.44	298.15	0.05018690268466165	14.96322503543187	-34.21677496456813
4b0m	-32.06	23309.63	298.15	0.04931201905550013	14.702378481397362	-17.35762151860264
3ukz	-49.2	19324.65	298.15	0.0475839244766349	14.187147082708695	-35.01285291729131
4afq	-49.2	25013.69	298.15	0.05000547525054079	14.909132445948735	-34.29086755405127
4aqe	-32.08	23879.32	298.15	0.04954658844913863	14.772315346110682	-17.307684653889318
3uez	-66.22	66622.4	298.15	0.0626490183619661	18.67880482462019	-47.54119517537981
4en3	-31.97	37255.47	298.15	0.05441490364510988	16.22380352178951	-15.74619647821049
3vpj	-48.84	48888.94	298.15	0.05796825057095992	17.2832339077317	-31.556766092268305
4g4s	-31.71	138155.01	298.15	0.07701574374611125	22.96224399790307	-8.747756002096931
3ul1	-48.91	18990.29	298.15	0.04743113995124816	14.141594376464639	-34.76840562353536
3ula	-48.78	41267.57	298.15	0.05569593586542432	16.605743278276258	-32.174256721723744
4f38	-48.73	20129.06	298.15	0.04794616839328106	14.295150106456747	-34.43484989354325
4apx	-31.61	23768.2	298.15	0.049501056381642504	14.75873996018671	-16.85126003981329
3zwz	-43.91	15049.92	298.15	0.04551769054982087	13.57109943742909	-30.338900562570906
4fxg	-43.86	181838.26	298.15	0.08393896699047915	25.026403008211357	-18.833596991788642
3vfv	-26.71	19164.16	298.15	0.04751075555194578	14.165331767812633	-12.544668232187368
4ap2	-43.94	30465.61	298.15	0.05207826442454207	15.527134538177217	-28.412865461822783
4gms	-43.94	108966.48	298.15	0.0717548042744784	21.393694894435736	-22.54630510556426
4g6v	-43.81	38251.02	298.15	0.054738963599957044	16.32042199732719	-27.48957800267281
4fao	-60.87	151697.91	298.15	0.07926628218163007	23.633242032453	-37.23675796754699
2lp0	-26.56	10005.44	298.15	0.04265255073097911	12.71685800044142	-13.84314199955858
4dn4	-60.83	22134.05	298.15	0.04881873534539449	14.555305943229367	-46.27469405677063
3swp	-43.47	33587.08	298.15	0.05318174454177252	15.856137135129476	-27.613862864870523
3uts	-20.3	80691.01	298.15	0.06593126994694176	19.657408134680686	-0.6425918653193143
3qwr	-49.65	25949.83	298.15	0.050376390259317276	15.019720755815445	-34.63027924418455
3qwq	-49.65	35386.05	298.15	0.05379446994576681	16.038821214330373	-33.61117878566962
4ayi	-49.65	24602.98	298.15	0.04984055644380973	14.85996190372187	-34.790038096278124
2ypl	-31.52	39960.65	298.15	0.05528577465690936	16.483453713957527	-15.036546286042473
4etw	-31.44	28706.06	298.15	0.05143121461793521	15.334216638337383	-16.105783361662617
4f48	-31.36	17659.53	298.15	0.04680929742731682	13.95619202795451	-17.40380797204549
3u8x	-31.21	35771.17	298.15	0.05392360173552469	16.077321857446684	-15.132678142553317
3sjh	-31.21	17564.09	298.15	0.046763813408649	13.942630967788698	-17.267369032211302
3tl8	-31.14	71504.87	298.15	0.06382422090750946	19.029191463573945	-12.110808536426056
4e05	-48.16	13668.75	298.15	0.04478850905263948	13.353693974044461	-34.806306025955536
4d9q	-60.06	54864.27	298.15	0.059628167678747866	17.778138193418673	-42.28186180658133
3sjv	-25.73	155441.35	298.15	0.07987044816321585	23.813374119862804	-1.9166258801371967
4dh2	-42.73	20459.66	298.15	0.04809294227039925	14.338910737919536	-28.391089262080463
4aye	-31.26	49523.71	298.15	0.05814923373735065	17.337194038791093	-13.922805961208908
2ly4	-36.88	24647.37	298.15	0.04985844706919451	14.865295993680343	-22.01470400631966
4dge	-25.2	28782.96	298.15	0.051459901211329	15.34276954615774	-9.85723045384226
4d9r	-65.06	55314.35	298.15	0.05974944705368487	17.814297639056143	-47.24570236094386
4g6j	-47.87	25729.15	298.15	0.05028956381985576	14.993833452889994	-32.87616654711
3uyp	-30.75	14853.5	298.15	0.04541609548491446	13.540808868827245	-17.209191131172755
2y5b	-30.69	42796.15	298.15	0.05616750656826133	16.746342083327114	-13.943657916672887
3vg9	-47.7	33866.13	298.15	0.053277845261106106	15.884789564598785	-31.81521043540122
4day	-47.64	13765.38	298.15	0.044840690010912565	13.36925172675358	-34.27074827324642
4ffz	-36.42	46772.54	298.15	0.05735618102001812	17.1007453711184	-19.319254628881602
4a49	-24.98	11860.51	298.15	0.04377563646442516	13.05170601186836	-11.92829398813164
3vfw	-24.84	19463.76	298.15	0.04764710061171523	14.205983047382896	-10.634016952617104
3qi2	-41.93	33302.1	298.15	0.05308318868787412	15.826752707289668	-26.103247292710332
3qbv	-36.08	48219.69	298.15	0.05777615956175367	17.225961973336855	-18.854038026663144
4gh7	-47.02	45836.44	298.15	0.05708104577005844	17.018713796342922	-30.00128620365708
4elm	-29.81	73519.8	298.15	0.064297475125729	19.1702922087361	-10.639707791263898
4exp	-35.96	24505.45	298.15	0.04980119188331854	14.848225360011421	-21.11177463998858
3tvm	-41.58	74863.58	298.15	0.06460949696253904	19.263321519381012	-22.316678480618986
3tu3	-41.35	31858.49	298.15	0.05257733022303567	15.675931005998084	-25.674068994001917
3oun	-41.3	17096.56	298.15	0.04653919465995851	13.875660887866628	-27.424339112133367
4a1s	-47.38	33594.26	298.15	0.05318422222115722	15.856875855238025	-31.52312414476198
3sqo	-64.5	43801.12	298.15	0.05647296583309093	16.83741476313606	-47.66258523686394
4ag2	-46.85	25979.56	298.15	0.050388059250453435	15.02319986552269	-31.82680013447731
3zu7	-46.69	22978.81	298.15	0.04917448721609003	14.661373363477242	-32.02862663652276
4f9l	-40.98	39507.33	298.15	0.0551419426457066	16.440570199817422	-24.539429800182575
4doh	-35.18	51107.97	298.15	0.05859593537550398	17.47037813220651	-17.70962186779349
4did	-29.8	15556.49	298.15	0.04577668659763513	13.648319109084914	-16.151680890915088
4ds8	-29.19	20431.72	298.15	0.04808058406136262	14.335226137895264	-14.854773862104738
4dtg	-57.86	22693.27	298.15	0.04905498150090941	14.62574273449614	-43.23425726550386
3v62	-40.54	36780.68	298.15	0.05425883096936042	16.177270453514808	-24.36272954648519
3vfp	-23.33	19546.98	298.15	0.04768478668234367	14.217219149340764	-9.112780850659234
4ayd	-34.74	50037.26	298.15	0.058294808004296476	17.380597006480993	-17.35940299351901
3vfm	-23.1	19507.25	298.15	0.047666805030904716	14.21185791996424	-8.888142080035761
3uze	-46.21	28799.82	298.15	0.051466185501853834	15.34464320737772	-30.86535679262228
4dkd	-40.11	30153.49	298.15	0.05196487741827848	15.493328202259727	-24.616671797740274
4dj9	-39.98	14374.61	298.15	0.045165545160000015	13.466107289454003	-26.513892710545996
3ukw	-56.84	19015.24	298.15	0.047442586964094514	14.145007303344778	-42.69499269665523
4f0a	-32.08	22303.93	298.15	0.04889081469921294	14.576796402570338	-17.50320359742966
4dcn	-31.29	37094.51	298.15	0.05436210499936325	16.208061605560154	-15.081938394439845
3uir	-53.43	25101.26	298.15	0.05004046306850218	14.919564063873924	-38.51043593612607
4gi3	-52.33	12517.56	298.15	0.044152065573618574	13.163938350774377	-39.166061649225625
3tg1	-34.22	23167.61	298.15	0.04925309741314368	14.684810993728787	-19.53518900627121
3v96	-51.13	15849.7	298.15	0.04592467268109458	13.692441159868348	-37.43755884013166
4dzv	-45.43	11182.43	298.15	0.043376056219977546	12.932571161986305	-32.4974288380137
4dg4	-31.78	44071.44	298.15	0.05655452955712076	16.861732987455554	-14.918267012544447
4an7	-48.49	15971.47	298.15	0.04598572863525463	13.710644992601168	-34.779355007398834
2yq7	-42.56	9761.51	298.15	0.04249736612250757	12.67058970942563	-29.88941029057437
3so3	-53.69	27862.28	298.15	0.05111389305646877	15.239607214786162	-38.450392785213836
4g35	-41.48	8398.15	298.15	0.04159182470536887	12.400602535905726	-29.07939746409427
3tvj	-46.93	17105.71	298.15	0.046543619918264556	13.876980278630576	-33.053019721369424
4djz	-46.55	41001.77	298.15	0.05561304979888181	16.581030797536613	-29.968969202463384
3w9e	-49.91	29082.03	298.15	0.05157110289252731	15.375924327407017	-34.53407567259298
2ypv	-60.06	29041.54	298.15	0.05155608127652148	15.37144563259488	-44.688554367405125
3wd5	-56.73	26221.84	298.15	0.050482906043821024	15.051478436965237	-41.678521563034764
3v6z	-39.5	53513.88	298.15	0.059261272699593914	17.668748455383923	-21.831251544616077
3tz1	-39.1	6148.62	298.15	0.03991856441225241	11.901719979513055	-27.198280020486948
3w8h	-38.73	13143.91	298.15	0.044501812300536785	13.268215337405042	-25.461784662594955
4gn4	-37.65	10988.32	298.15	0.043259453985741644	12.89780620584887	-24.75219379415113
4bpx	-37.68	57188.34	298.15	0.06024918908003982	17.96329572421387	-19.716704275786128
4c4p	-37.68	13072.73	298.15	0.04446249217804456	13.256492042883984	-24.423507957116016
4b1y	-37.49	17824.47	298.15	0.04688761439635569	13.979542232273449	-23.510457767726553
3zet	-37.31	23807.18	298.15	0.04951704075929545	14.763505702383938	-22.546494297616064
3zeu	-37.31	42836.98	298.15	0.05617998624904146	16.75006290015171	-20.55993709984829
3w2d	-52.73	29689.89	298.15	0.05179537198581387	15.442790157570403	-37.28720984242959
4bqd	-53.09	11820.85	298.15	0.043752585211515684	13.0448332808134	-40.045166719186604
4awx	-35.96	14550.71	298.15	0.04525815716264582	13.49371955804285	-22.466280441957153
4bfi	-35.51	21359.45	298.15	0.04848651400345668	14.456254150130608	-21.05374584986939
4fq0	-34.59	22587.12	298.15	0.049010363489423336	14.612439874371567	-19.977560125628436
4c5g	-34.17	22487.31	298.15	0.04896831463256554	14.599903007699416	-19.570096992300584
4g9f	-34.01	39719.33	298.15	0.055209309391571995	16.46065559509719	-17.549344404902808
4dx8	-33.71	53292.25	298.15	0.05920061643184952	17.65066378915593	-16.05933621084407
3zkq	-50.92	21061.45	298.15	0.04835710216782595	14.417670011337306	-36.502329988662694
4gko	-16.12	100071.94	298.15	0.07001438541324856	20.874789010960058	4.754789010960057
3vxu	-33.08	78232.6	298.15	0.06537967778259152	19.49295093087966	-13.58704906912034
4gaf	-67.04	22719.15	298.15	0.049065843805087675	14.628981330486889	-52.41101866951312
3vep	-28.47	27324.73	298.15	0.05090922475846486	15.178585361736298	-13.291414638263701
4asw	-39.95	12211.85	298.15	0.04397818300066214	13.112095261647417	-26.837904738352584
4geh	-45.27	26648.61	298.15	0.05064891667860569	15.100974507726285	-30.169025492273718
4c99	-39.63	26090.53	298.15	0.05043155598577846	15.036168417159848	-24.593831582840153
2lz6	-28.09	8297.7	298.15	0.04152229143877206	12.37987119246989	-15.71012880753011
3znz	-38.29	18074.81	298.15	0.047005791954507735	14.01477687123648	-24.27522312876352
4eig	-51.37	12805.9	298.15	0.04431413287628699	13.212258717064964	-38.157741282935035
3w8i	-49.47	13163.45	298.15	0.044512587639700923	13.27142800477683	-36.19857199522317
2m86	-49.0	9827.73	298.15	0.04253968420655002	12.683206846182888	-36.316793153817116
4glv	-48.71	39607.52	298.15	0.05517380225551952	16.450069142483144	-32.259930857516856
4bru	-38.24	18897.67	298.15	0.047388580160553646	14.128905174869068	-24.111094825130934
4aoq	-38.21	29357.05	298.15	0.05167285860240868	15.406262792308146	-22.803737207691853
4ekc	-43.71	43617.43	298.15	0.05641739729799285	16.820847004396565	-26.889152995603435
4ekd	-43.71	22257.89	298.15	0.04887130732090386	14.570980277727486	-29.139019722272515
4bq6	-43.2	33629.58	298.15	0.05319640661826741	15.860508633236428	-27.339491366763575
3wa5	-43.1	22683.82	298.15	0.04905101362132734	14.624559711198746	-28.475440288801256
4c9b	-43.07	31662.19	298.15	0.052507666249524854	15.655160692295834	-27.414839307704167
4bsr	-49.65	53485.16	298.15	0.05925341962916472	17.66640706243546	-31.983592937564538
3zjy	-31.52	152331.36	298.15	0.07936903644998552	23.663878217563184	-7.856121782436816
4g01	-31.21	19688.93	298.15	0.04774888390857296	14.236329737341027	-16.973670262658974
4geq	-31.14	17130.54	298.15	0.046555622609856746	13.880558881128788	-17.259441118871212
4bxz	-30.94	155756.38	298.15	0.07992095832413476	23.828433724340776	-7.111566275659225
4bj5	-25.82	44540.41	298.15	0.05669544080924681	16.903745677276934	-8.916254322723066
4gn5	-42.85	21040.95	298.15	0.04834816612089611	14.415005728945173	-28.434994271054826
4gla	-25.41	21228.39	298.15	0.04842971079534347	14.439318273631656	-10.970681726368344
3v3k	-42.31	139575.58	298.15	0.07725684373717737	23.03412796023943	-19.27587203976057
4eiz	-48.65	25833.16	298.15	0.050330532703301206	15.006048325489253	-33.643951674510745
4euk	-30.75	14784.07	298.15	0.0453800234070043	13.53005397879833	-17.21994602120167
4b1x	-30.61	17128.7	298.15	0.046554733462064554	13.880293781714546	-16.729706218285454
4g8g	-30.47	38411.39	298.15	0.05479076924986395	16.335867851846935	-14.134132148153064
4gn3	-30.46	93968.53	298.15	0.06877494655057567	20.505250314054134	-9.954749685945867
3zo0	-36.3	19680.09	298.15	0.04774489898534224	14.235141632479788	-22.06485836752021
3vza	-36.06	19227.14	298.15	0.047539505124147605	14.173903452764607	-21.886096547235397
4f0z	-47.93	23855.56	298.15	0.04953686156986326	14.76941527705473	-33.16058472294527
4cc4	-30.07	47899.83	298.15	0.057683881230781206	17.198449188957415	-12.871550811042585
4f37	-47.14	54166.81	298.15	0.05943924183806369	17.72180995401869	-29.418190045981312
4brw	-41.67	19576.07	298.15	0.04769794112319283	14.221141145879942	-27.44885885412006
3vv2	-58.7	13877.77	298.15	0.044901151633347	13.387278359482407	-45.312721640517594
4bkx	-30.26	22302.7	298.15	0.048890293803961864	14.576641097651228	-15.683358902348774
4aor	-41.18	28897.99	298.15	0.051502740290483906	15.355542017607775	-25.824457982392225
3vxs	-23.91	39077.53	298.15	0.05500480913744393	16.39968384432891	-7.510316155671092
3wn7	-46.44	25129.45	298.15	0.050051713143769036	14.922918273814737	-31.51708172618526
4g3y	-46.01	25817.69	298.15	0.050324444395850036	15.004233096622688	-31.00576690337731
3vxr	-28.61	39022.92	298.15	0.05498733119002507	16.394472794305972	-12.215527205694027
4dpg	-40.22	159623.01	298.15	0.08053680005698818	24.012046936991027	-16.207953063008972
4fza	-39.98	30053.85	298.15	0.05192855672405276	15.48249918727633	-24.497500812723665
3vux	-28.8	17733.83	298.15	0.046844621693585164	13.966723957942415	-14.833276042057586
3w6j	-41.39	46870.18	298.15	0.05738471982693999	17.109254216402157	-24.280745783597844
4doq	-39.12	30757.41	298.15	0.052183745400630616	15.558583691198017	-23.56141630880198
4gnk	-38.0	117461.87	298.15	0.07335193098352136	21.86987822273689	-16.13012177726311
4bd9	-42.86	20132.14	298.15	0.04794754133579304	14.295559449266694	-28.564440550733305
3zia	-7.53	245154.84	298.15	0.0926296849744592	27.617540575135006	20.087540575135005
4boh	-41.41	25376.8	298.15	0.05015015632693702	14.952269108876271	-26.457730891123724
4bpk	-45.11	14848.45	298.15	0.04541347462449658	13.540027459293654	-31.569972540706345
3wkt	-39.95	72252.01	298.15	0.06400047293788719	19.081741006431063	-20.86825899356894
4bkl	-37.46	23559.54	298.15	0.04941526821859538	14.733162219374213	-22.726837780625786
4cmh	-55.36	30428.85	298.15	0.052064940516575155	15.523162015016881	-39.83683798498312
3wry	-37.15	72239.25	298.15	0.06399747049414117	19.08084582782819	-18.06915417217181
4cmm	-34.8	12173.04	298.15	0.043955953568280456	13.105467556382816	-21.69453244361718
4byf	-34.51	78324.63	298.15	0.0654004813526596	19.49915351529546	-15.010846484704537
3wdg	-50.92	15067.54	298.15	0.04552677171855116	13.573806987886027	-37.34619301211397
4cu4	-33.79	28357.49	298.15	0.05130070045796617	15.295303841542612	-18.494696158457387
3wkn	-50.2	99419.51	298.15	0.06988373302488121	20.83583500136833	-29.364164998631672
3wn5	-33.08	60664.41	298.15	0.06115494439089886	18.233346670146492	-14.846653329853506
2mcn	-32.66	7916.21	298.15	0.04125430406555643	12.299970757145648	-20.36002924285435
4cdk	-32.66	52037.38	298.15	0.058854775687916895	17.54755137135242	-15.112448628647577
4cni	-62.78	55702.38	298.15	0.059853610836882024	17.845354071016374	-44.93464592898363
4cj2	-45.43	17997.38	298.15	0.04696932762368621	14.003905031002043	-31.42609496899796
3wo4	-44.66	38047.63	298.15	0.0546731043851397	16.3007860724294	-28.359213927570597
4c1n	-44.19	186163.75	298.15	0.08457673497013174	25.216553531344776	-18.973446468655222
4d0n	-27.07	26681.11	298.15	0.050661504301478144	15.104727507485707	-11.965272492514293
4bwq	-26.86	32458.76	298.15	0.05278903596030337	15.739051071564448	-11.120948928435551
3wrx	-32.41	72279.82	298.15	0.06400701574675437	19.083691744894814	-13.326308255105182
3wa0	-31.84	92871.75	298.15	0.06854799605686396	20.437585024353986	-11.402414975646014
4c4k	-31.78	9831.49	298.15	0.042542082761646886	12.683921975385019	-19.096078024614982
4bxl	-37.78	7152.45	298.15	0.04069762590484449	12.133997163529385	-25.646002836470615
2mp0	-9.14	20434.15	298.15	0.048081659215901615	14.335546695221066	5.195546695221065
4ct0	-43.11	24755.32	298.15	0.0499018873476864	14.8782477127127	-28.2317522872873
3wwk	-31.52	72463.33	298.15	0.06405015829625466	19.096554696028324	-12.423445303971675
2mj5	-30.63	8145.8	298.15	0.041416339168052076	12.348281522954725	-18.281718477045274
4cj1	-41.77	23950.11	298.15	0.04957553983929945	14.78094720308713	-26.989052796912873
3wwn	-29.56	15086.09	298.15	0.04553632646412916	13.576655735280108	-15.983344264719891
3wo3	-40.87	121650.77	298.15	0.07411816315305976	22.098330344084765	-18.771669655915233
2mur	-28.73	7819.77	298.15	0.04118554066641394	12.279468949691315	-16.450531050308683
4c2a	-45.74	20803.66	298.15	0.04824441174716247	14.38407136241649	-31.35592863758351
4cj0	-40.0	22367.81	298.15	0.04891784765770144	14.584856279143684	-25.415143720856314
4c2b	-45.92	80342.2	298.15	0.06585352423402754	19.634228250375312	-26.28577174962469
4edw	-45.66	25905.46	298.15	0.05035896264547877	15.014524712749493	-30.645475287250505
4c7n	-51.37	7681.06	298.15	0.0410858901311532	12.249758142603325	-39.12024185739667
2mv7	-50.27	11450.08	298.15	0.04353518673679828	12.980015925576406	-37.2899840744236
3wqb	-49.91	25520.44	298.15	0.05020710370142144	14.9692479685788	-34.9407520314212
4d0g	-32.79	11837.29	298.15	0.043762145181620485	13.047683585900147	-19.742316414099854
2mro	-21.83	7290.16	298.15	0.04080011851786822	12.164555336102408	-9.66544466389759
3wih	-44.07	47014.36	298.15	0.05742680732422204	17.1218026037168	-26.9481973962832
4cvw	-60.06	70484.91	298.15	0.06358211666944179	18.95700808499407	-41.10299191500593
3wwq	-25.37	39006.23	298.15	0.05498198711071639	16.39287945706009	-8.977120542939911
2mws	-24.81	8968.81	298.15	0.04197918862026974	12.516095087133422	-12.293904912866576
4d2g	-29.99	36398.21	298.15	0.054132371619880215	16.139566598467287	-13.850433401532712
